,attraction,arrival_time,departure_time
0,Drop Tower,12.0,12.83
1,Bumper Cars,12.83,13.17
2,Water Ride,13.2,13.95
3,Giga Coaster,13.98,14.1
4,Monorail,14.1,15.85
5,Giga Coaster,15.85,15.97
6,Vertical Drop,15.97,16.08
7,Top Spin,16.08,16.2
8,Power Tower,16.2,16.45
9,Himalaya Ride,16.45,16.57
10,Roller Coaster,16.57,16.68
11,Water Ride,16.68,17.35
12,Superman Ride,17.35,17.68
13,Crazy Dance,17.68,17.8
14,Flying Coaster,11.0,11.25
15,Spinning Coaster,11.25,11.75
16,Bungee Jump,11.88,12.38
17,Giga Coaster,12.42,12.53
18,Spiral Slide,12.53,14.12
19,Oz Theatre,14.12,14.45
20,Giga Coaster,14.45,14.57
21,Roller Coaster,14.57,15.15
22,Monorail,15.15,16.65
23,Giga Coaster,16.65,16.77
24,Vertical Drop,16.77,16.88
25,Top Spin,16.88,17.0
26,Power Tower,17.0,17.25
27,Himalaya Ride,17.25,17.37
28,Roller Coaster,17.37,17.48
29,Crazy Dance,17.48,17.6
30,Kiddie Coaster,11.0,11.17
31,Inverted Coaster,11.17,11.33
32,Merry Go Round,11.37,11.53
33,Giga Coaster,11.55,11.67
34,Superman Ride,11.67,12.0
35,Water Ride,12.0,12.75
36,Crazy Dance,12.75,12.87
37,Roller Coaster,12.87,14.03
38,Himalaya Ride,14.03,14.15
39,Power Tower,14.15,14.48
40,Top Spin,14.48,14.6
41,Top Spin,14.6,14.72
42,Giga Coaster,14.72,14.83
43,Flying Coaster,11.0,11.25
44,Drop Tower,11.25,11.92
45,Spinning Coaster,11.93,12.68
46,Giga Coaster,12.73,12.85
47,Spiral Slide,12.85,14.43
48,Oz Theatre,14.43,14.77
49,Giga Coaster,14.77,14.88
50,Roller Coaster,14.88,15.47
51,Zipline,13.0,13.92
52,Circus Train,13.92,14.17
53,Flying Coaster,14.18,14.93
54,Giga Coaster,14.95,15.07
55,Vertical Drop,15.07,15.18
56,Top Spin,15.18,15.3
57,Power Tower,15.3,15.63
58,Himalaya Ride,15.63,15.75
59,Roller Coaster,15.75,16.58
60,Water Ride,16.58,17.25
61,Superman Ride,17.25,17.58
62,Crazy Dance,17.58,17.7
63,Merry Go Round,12.0,12.67
64,Giant Wheel,12.67,13.75
65,Flying Coaster,13.77,14.52
66,Giga Coaster,14.55,14.67
67,Vertical Drop,14.67,14.78
68,Top Spin,14.78,14.9
69,Power Tower,14.9,15.23
70,Himalaya Ride,15.23,15.35
71,Roller Coaster,15.35,15.93
72,Water Ride,15.93,16.6
73,Superman Ride,16.6,16.93
74,Circus Train,13.0,13.25
75,Flying Coaster,13.25,14.0
76,Bumper Cars,14.02,14.43
77,Giga Coaster,14.45,14.57
78,Vertical Drop,14.57,14.68
79,Top Spin,14.68,14.8
80,Power Tower,14.8,15.13
81,Himalaya Ride,15.13,15.25
82,Roller Coaster,15.25,15.83
83,Water Ride,15.83,16.5
84,Superman Ride,16.5,16.83
85,Crazy Dance,16.83,16.95
86,Merry Go Round,11.0,11.17
87,Flying Coaster,11.17,11.42
88,Roller Coaster,11.43,11.85
89,Giga Coaster,11.9,12.02
90,Superman Ride,12.02,12.35
91,Water Ride,12.35,13.1
92,Crazy Dance,13.1,13.22
93,Roller Coaster,13.22,14.22
94,Himalaya Ride,14.22,14.33
95,Power Tower,14.33,14.67
96,Top Spin,14.67,14.78
97,Top Spin,14.78,14.9
98,Giga Coaster,14.9,15.02
99,Monorail,15.02,16.52
100,Roller Coaster,16.52,16.63
101,Rapids Ride,13.0,13.67
102,Dizzy Dropper,13.67,14.08
103,Flying Coaster,14.1,14.85
104,Giga Coaster,14.87,14.98
105,Vertical Drop,14.98,15.1
106,Top Spin,15.1,15.22
107,Power Tower,15.22,15.55
108,Himalaya Ride,15.55,15.67
109,Roller Coaster,15.67,16.5
110,Merry Go Round,10.0,10.12
111,Flying Coaster,10.12,10.45
112,Flying Coaster,10.47,10.8
113,Giga Coaster,10.82,10.93
114,Crazy Dance,10.93,11.05
115,Roller Coaster,11.05,11.47
116,Himalaya Ride,11.47,11.58
117,Power Tower,11.58,12.08
118,Top Spin,12.08,12.2
119,Vertical Drop,12.2,12.32
120,Water Ride,12.32,13.07
121,Giga Coaster,13.07,13.18
122,Roller Coaster,13.18,14.18
123,Giga Coaster,14.18,14.3
124,Oz Theatre,14.3,14.63
125,Spiral Slide,14.63,16.72
126,Crazy Dance,16.72,16.83
127,Oz Theatre,16.83,17.17
128,Drop Tower,10.0,10.33
129,Giant Wheel,10.33,11.0
130,Spinning Coaster,11.02,11.52
131,Giga Coaster,11.57,11.68
132,Superman Ride,11.68,12.02
133,Water Ride,12.02,12.77
134,Crazy Dance,12.77,12.88
135,Roller Coaster,12.88,14.05
136,Himalaya Ride,14.05,14.17
137,Power Tower,14.17,14.5
138,Top Spin,14.5,14.62
139,Top Spin,14.62,14.73
140,Giga Coaster,14.73,14.85
141,Merry Go Round,11.0,11.17
142,Haunted House,11.17,11.67
143,Circus Train,11.72,11.97
144,Giga Coaster,12.02,12.13
145,Spiral Slide,12.13,13.72
146,Oz Theatre,13.72,14.05
147,Giga Coaster,14.05,14.17
148,Roller Coaster,14.17,15.0
149,Flying Coaster,12.0,12.67
150,Rapids Ride,12.67,13.33
151,Superman Ride,13.35,13.68
152,Giga Coaster,13.73,13.85
153,Monorail,13.85,15.6
154,Giga Coaster,15.6,15.72
155,Vertical Drop,15.72,15.83
156,Top Spin,15.83,15.95
157,Power Tower,15.95,16.2
158,Himalaya Ride,16.2,16.32
159,Roller Coaster,16.32,17.15
160,Water Ride,17.15,17.57
161,Superman Ride,17.57,17.9
162,Inverted Coaster,11.0,11.17
163,Rapids Ride,11.17,11.33
164,Spinning Coaster,11.35,11.85
165,Giga Coaster,11.87,11.98
166,Superman Ride,11.98,12.32
167,Water Ride,12.32,13.07
168,Crazy Dance,13.07,13.18
169,Roller Coaster,13.18,14.18
170,Himalaya Ride,14.18,14.3
171,Power Tower,14.3,14.63
172,Top Spin,14.63,14.75
173,Top Spin,14.75,14.87
174,Spiral Slide,13.0,14.58
175,Roller Coaster,14.58,15.17
176,Rapids Ride,15.22,15.72
177,Giga Coaster,15.83,15.95
178,Vertical Drop,15.95,16.07
179,Top Spin,16.07,16.18
180,Power Tower,16.18,16.43
181,Himalaya Ride,16.43,16.55
182,Roller Coaster,16.55,16.67
183,Merry Go Round,12.0,12.67
184,Rapids Ride,12.67,13.33
185,Spiral Slide,13.37,14.95
186,Giga Coaster,14.98,15.1
187,Vertical Drop,15.1,15.22
188,Top Spin,15.22,15.33
189,Power Tower,15.33,15.67
190,Himalaya Ride,15.67,15.78
191,Roller Coaster,15.78,16.62
192,Water Ride,16.62,17.28
193,Superman Ride,17.28,17.62
194,Crazy Dance,17.62,17.73
195,Flying Coaster,12.0,12.67
196,Merry Go Round,12.67,13.58
197,Inverted Coaster,13.63,14.05
198,Giga Coaster,14.08,14.2
199,Vertical Drop,14.2,14.32
200,Top Spin,14.32,14.43
201,Power Tower,14.43,14.77
202,Himalaya Ride,14.77,14.88
203,Roller Coaster,14.88,15.47
204,Merry Go Round,12.0,12.67
205,Kiddie Coaster,12.67,12.83
206,Flying Coaster,12.87,13.62
207,Giga Coaster,13.63,13.75
208,Monorail,13.75,15.5
209,Giga Coaster,15.5,15.62
210,Vertical Drop,15.62,15.73
211,Top Spin,15.73,15.85
212,Power Tower,15.85,16.1
213,Himalaya Ride,16.1,16.22
214,Roller Coaster,16.22,17.05
215,Water Ride,17.05,17.47
216,Superman Ride,17.47,17.8
217,Crazy Dance,17.8,17.92
218,Bumper Cars,12.0,12.33
219,Flying Coaster,12.33,13.0
220,Flying Coaster,13.05,13.8
221,Giga Coaster,13.83,13.95
222,Monorail,13.95,15.7
223,Giga Coaster,15.7,15.82
224,Bungee Jump,12.0,12.5
225,Flying Coaster,12.5,13.0
226,Merry Go Round,13.03,13.95
227,Giga Coaster,13.98,14.1
228,Monorail,14.1,15.85
229,Giga Coaster,15.85,15.97
230,Vertical Drop,15.97,16.08
231,Top Spin,16.08,16.2
232,Power Tower,16.2,16.45
233,Himalaya Ride,16.45,16.57
234,Roller Coaster,16.57,16.68
235,Giga Coaster,14.0,14.12
236,Merry Go Round,14.12,14.87
237,Roller Coaster,14.92,15.5
238,Giga Coaster,15.55,15.67
239,Vertical Drop,15.67,15.78
240,Top Spin,15.78,15.9
241,Power Tower,15.9,16.15
242,Himalaya Ride,16.15,16.27
243,Roller Coaster,16.27,17.1
244,Water Ride,17.1,17.52
245,Superman Ride,17.52,17.85
246,Crazy Dance,17.85,17.97
247,Merry Go Round,13.0,13.92
248,Merry Go Round,13.92,14.67
249,Giga Coaster,14.68,14.8
250,Giga Coaster,14.85,14.97
251,Vertical Drop,14.97,15.08
252,Top Spin,15.08,15.2
253,Power Tower,15.2,15.53
254,Himalaya Ride,15.53,15.65
255,Roller Coaster,15.65,16.48
256,Drop Tower,14.0,14.83
257,Roller Coaster,14.83,15.42
258,Flying Coaster,15.47,16.13
259,Giga Coaster,16.18,16.3
260,Top Spin,16.3,16.42
261,Power Tower,16.42,16.67
262,Roller Coaster,16.67,16.78
263,Water Ride,16.78,17.45
264,Superman Ride,17.45,17.78
265,Crazy Dance,17.78,17.9
266,Bumper Cars,13.0,13.5
267,Free Fall,13.5,14.42
268,Go-Karts,14.47,15.38
269,Giga Coaster,15.4,15.52
270,Vertical Drop,15.52,15.63
271,Top Spin,15.63,15.75
272,Power Tower,15.75,16.0
273,Himalaya Ride,16.0,16.12
274,Roller Coaster,16.12,16.95
275,Merry Go Round,10.0,10.12
276,Flying Coaster,10.12,10.45
277,Flying Coaster,10.48,10.82
278,Giga Coaster,10.85,10.97
279,Crazy Dance,10.97,11.08
280,Roller Coaster,11.08,11.5
281,Himalaya Ride,11.5,11.62
282,Power Tower,11.62,12.12
283,Top Spin,12.12,12.23
284,Vertical Drop,12.23,12.35
285,Water Ride,12.35,13.1
286,Giga Coaster,13.1,13.22
287,Roller Coaster,13.22,14.22
288,Giga Coaster,14.22,14.33
289,Oz Theatre,14.33,14.67
290,Spiral Slide,14.67,16.75
291,Crazy Dance,16.75,16.87
292,Go-Karts,13.0,13.92
293,Go-Karts,13.92,14.83
294,Oz Theatre,14.85,15.18
295,Giga Coaster,15.22,15.33
296,Vertical Drop,15.33,15.45
297,Top Spin,15.45,15.57
298,Power Tower,15.57,15.82
299,Himalaya Ride,15.82,15.93
300,Roller Coaster,15.93,16.77
301,Water Ride,16.77,17.43
302,Superman Ride,17.43,17.77
303,Crazy Dance,17.77,17.88
304,Kiddie Coaster,10.0,10.12
305,Oz Theatre,10.12,10.23
306,Merry Go Round,10.25,10.37
307,Giga Coaster,10.38,10.5
308,Crazy Dance,10.5,10.62
309,Roller Coaster,10.62,11.03
310,Himalaya Ride,11.03,11.15
311,Power Tower,11.15,11.65
312,Top Spin,11.65,11.77
313,Vertical Drop,11.77,11.88
314,Water Ride,11.88,12.63
315,Giga Coaster,12.63,12.75
316,Roller Coaster,12.75,13.92
317,Giga Coaster,13.92,14.03
318,Oz Theatre,14.03,14.37
319,Drop Tower,14.0,14.83
320,Go-Karts,14.83,15.75
321,Free Fall,15.8,16.88
322,Giga Coaster,16.9,17.02
323,Top Spin,17.02,17.13
324,Power Tower,17.13,17.38
325,Roller Coaster,17.38,17.5
326,Flying Coaster,13.0,13.75
327,Spinning Coaster,13.75,14.33
328,Merry Go Round,14.47,15.22
329,Giga Coaster,15.27,15.38
330,Vertical Drop,15.38,15.5
331,Top Spin,15.5,15.62
332,Power Tower,15.62,15.87
333,Himalaya Ride,15.87,15.98
334,Roller Coaster,15.98,16.82
335,Flying Coaster,12.0,12.67
336,Circus Train,12.67,12.92
337,Rapids Ride,12.93,13.6
338,Giga Coaster,13.63,13.75
339,Monorail,13.75,15.5
340,Giga Coaster,15.5,15.62
341,Vertical Drop,15.62,15.73
342,Top Spin,15.73,15.85
343,Zipline,14.0,14.92
344,Merry Go Round,14.92,15.58
345,Kiddie Coaster,15.62,15.78
346,Giga Coaster,15.83,15.95
347,Vertical Drop,15.95,16.07
348,Top Spin,16.07,16.18
349,Power Tower,16.18,16.43
350,Himalaya Ride,16.43,16.55
351,Roller Coaster,16.55,16.67
352,Water Ride,16.67,17.33
353,Superman Ride,17.33,17.67
354,Crazy Dance,17.67,17.78
355,Flying Coaster,14.0,14.75
356,Oz Theatre,14.75,15.08
357,Rapids Ride,15.12,15.62
358,Giga Coaster,15.63,15.75
359,Vertical Drop,15.75,15.87
360,Top Spin,15.87,15.98
361,Power Tower,15.98,16.23
362,Himalaya Ride,16.23,16.35
363,Roller Coaster,16.35,17.18
364,Water Ride,17.18,17.6
365,Superman Ride,17.6,17.93
366,Go-Karts,10.0,10.17
367,Merry Go Round,10.17,10.28
368,Spinning Coaster,10.32,10.57
369,Giga Coaster,10.6,10.72
370,Crazy Dance,10.72,10.83
371,Roller Coaster,10.83,11.25
372,Himalaya Ride,11.25,11.37
373,Power Tower,11.37,11.87
374,Top Spin,11.87,11.98
375,Vertical Drop,11.98,12.1
376,Water Ride,12.1,12.85
377,Giga Coaster,12.85,12.97
378,Roller Coaster,12.97,14.13
379,Giga Coaster,14.13,14.25
380,Oz Theatre,14.25,14.58
381,Spiral Slide,14.58,16.67
382,Crazy Dance,16.67,16.78
383,Oz Theatre,16.78,17.12
384,Merry Go Round,10.0,10.12
385,Haunted House,10.12,10.28
386,Spiral Slide,10.32,13.4
387,Giga Coaster,13.43,13.55
388,Crazy Dance,10.0,10.12
389,Flying Coaster,10.12,10.45
390,Go-Karts,10.47,10.63
391,Giga Coaster,10.68,10.8
392,Crazy Dance,10.8,10.92
393,Roller Coaster,10.92,11.33
394,Himalaya Ride,11.33,11.45
395,Power Tower,11.45,11.95
396,Top Spin,11.95,12.07
397,Vertical Drop,12.07,12.18
398,Water Ride,12.18,12.93
399,Giga Coaster,12.93,13.05
400,Flying Coaster,13.0,13.75
401,Flying Coaster,13.75,14.5
402,Merry Go Round,14.53,15.2
403,Giga Coaster,15.23,15.35
404,Vertical Drop,15.35,15.47
405,Top Spin,15.47,15.58
406,Power Tower,15.58,15.83
407,Himalaya Ride,15.83,15.95
408,Roller Coaster,15.95,16.78
409,Water Ride,16.78,17.45
410,Superman Ride,17.45,17.78
411,Crazy Dance,17.78,17.9
412,Superman Ride,10.0,10.12
413,Circus Train,10.12,10.28
414,Flying Coaster,10.3,10.63
415,Giga Coaster,10.68,10.8
416,Crazy Dance,10.8,10.92
417,Roller Coaster,10.92,11.33
418,Himalaya Ride,11.33,11.45
419,Power Tower,11.45,11.95
420,Top Spin,11.95,12.07
421,Vertical Drop,12.07,12.18
422,Water Ride,12.18,12.93
423,Giga Coaster,12.93,13.05
424,Roller Coaster,13.05,14.05
425,Giga Coaster,14.05,14.17
426,Oz Theatre,14.17,14.5
427,Oz Theatre,10.0,10.12
428,Flying Coaster,10.12,10.45
429,Flying Coaster,10.48,10.82
430,Giga Coaster,10.85,10.97
431,Crazy Dance,10.97,11.08
432,Roller Coaster,11.08,11.5
433,Himalaya Ride,11.5,11.62
434,Power Tower,11.62,12.12
435,Top Spin,12.12,12.23
436,Vertical Drop,12.23,12.35
437,Water Ride,12.35,13.1
438,Giga Coaster,13.1,13.22
439,Roller Coaster,13.22,14.22
440,Giga Coaster,14.22,14.33
441,Oz Theatre,14.33,14.67
442,Spiral Slide,14.67,16.75
443,Crazy Dance,16.75,16.87
444,Merry Go Round,13.0,13.92
445,Inverted Coaster,13.92,14.33
446,Circus Train,14.35,14.6
447,Giga Coaster,14.65,14.77
448,Vertical Drop,14.77,14.88
449,Top Spin,14.88,15.0
450,Power Tower,15.0,15.33
451,Himalaya Ride,15.33,15.45
452,Roller Coaster,15.45,16.03
453,Water Ride,16.03,16.7
454,Bungee Jump,12.0,12.5
455,Roller Coaster,12.5,13.17
456,Kiddie Coaster,13.22,13.38
457,Giga Coaster,13.43,13.55
458,Monorail,13.55,15.3
459,Giga Coaster,15.3,15.42
460,Vertical Drop,15.42,15.53
461,Top Spin,15.53,15.65
462,Power Tower,15.65,15.9
463,Go-Karts,14.0,14.92
464,Flying Coaster,14.92,15.58
465,Flying Coaster,15.62,16.2
466,Giga Coaster,16.25,16.37
467,Top Spin,16.37,16.48
468,Power Tower,16.48,16.73
469,Roller Coaster,16.73,16.85
470,Water Ride,16.85,17.52
471,Superman Ride,17.52,17.85
472,Merry Go Round,12.0,12.67
473,Flying Coaster,12.67,13.42
474,Water Ride,13.47,14.22
475,Giga Coaster,14.25,14.37
476,Vertical Drop,14.37,14.48
477,Top Spin,14.48,14.6
478,Power Tower,14.6,14.93
479,Himalaya Ride,14.93,15.05
480,Roller Coaster,15.05,15.63
481,Water Ride,15.63,16.3
482,Superman Ride,16.3,16.63
483,Crazy Dance,16.63,16.75
484,Scooby Doo,16.75,17.42
485,Crazy Bus,17.42,17.75
486,Himalaya Ride,17.75,17.87
487,Spinning Coaster,10.0,10.25
488,Haunted House,10.25,10.42
489,Flying Coaster,10.45,10.78
490,Giga Coaster,10.82,10.93
491,Crazy Dance,10.93,11.05
492,Roller Coaster,11.05,11.47
493,Himalaya Ride,11.47,11.58
494,Power Tower,11.58,12.08
495,Top Spin,12.08,12.2
496,Vertical Drop,12.2,12.32
497,Water Ride,12.32,13.07
498,Giga Coaster,13.07,13.18
499,Roller Coaster,13.18,14.18
500,Giga Coaster,14.18,14.3
501,Oz Theatre,14.3,14.63
502,Go-Karts,11.0,11.92
503,Swing Ride,11.92,12.83
504,Circus Train,12.87,13.12
505,Giga Coaster,13.15,13.27
506,Monorail,13.27,15.02
507,Giga Coaster,15.02,15.13
508,Vertical Drop,15.13,15.25
509,Top Spin,15.25,15.37
510,Power Tower,15.37,15.7
511,Himalaya Ride,15.7,15.82
512,Roller Coaster,15.82,16.65
513,Merry Go Round,11.0,11.17
514,Merry Go Round,11.17,11.33
515,Rapids Ride,11.35,11.52
516,Giga Coaster,11.55,11.67
517,Superman Ride,11.67,12.0
518,Water Ride,12.0,12.75
519,Crazy Dance,12.75,12.87
520,Roller Coaster,12.87,14.03
521,Himalaya Ride,14.03,14.15
522,Power Tower,14.15,14.48
523,Top Spin,14.48,14.6
524,Top Spin,14.6,14.72
525,Giga Coaster,14.72,14.83
526,Spinning Coaster,12.0,12.67
527,Himalaya Ride,12.67,12.78
528,Flying Coaster,12.8,13.55
529,Giga Coaster,13.58,13.7
530,Monorail,13.7,15.45
531,Giga Coaster,15.45,15.57
532,Vertical Drop,15.57,15.68
533,Top Spin,15.68,15.8
534,Power Tower,15.8,16.05
535,Himalaya Ride,16.05,16.17
536,Roller Coaster,16.17,17.0
537,Water Ride,17.0,17.42
538,Superman Ride,17.42,17.75
539,Crazy Dance,17.75,17.87
540,Merry Go Round,12.0,12.67
541,Flying Coaster,12.67,13.42
542,Go-Karts,13.47,14.38
543,Giga Coaster,14.4,14.52
544,Vertical Drop,14.52,14.63
545,Top Spin,14.63,14.75
546,Power Tower,14.75,15.08
547,Himalaya Ride,15.08,15.2
548,Roller Coaster,15.2,15.78
549,Flying Coaster,13.0,13.75
550,Merry Go Round,13.75,14.5
551,Flying Coaster,14.53,15.2
552,Giga Coaster,15.22,15.33
553,Vertical Drop,15.33,15.45
554,Top Spin,15.45,15.57
555,Power Tower,15.57,15.82
556,Himalaya Ride,15.82,15.93
557,Roller Coaster,15.93,16.77
558,Go-Karts,13.0,13.92
559,Giant Wheel,13.92,15.0
560,Water Ride,15.02,15.68
561,Giga Coaster,15.72,15.83
562,Vertical Drop,15.83,15.95
563,Top Spin,15.95,16.07
564,Power Tower,16.07,16.32
565,Himalaya Ride,16.32,16.43
566,Roller Coaster,16.43,17.27
567,Water Ride,17.27,17.68
568,Flying Coaster,11.0,11.25
569,Kiddie Coaster,11.25,11.42
570,Circus Train,11.43,11.6
571,Giga Coaster,11.62,11.73
572,Superman Ride,11.73,12.07
573,Water Ride,12.07,12.82
574,Crazy Dance,12.82,12.93
575,Roller Coaster,12.93,14.1
576,Himalaya Ride,14.1,14.22
577,Power Tower,14.22,14.55
578,Top Spin,14.55,14.67
579,Top Spin,14.67,14.78
580,Giga Coaster,14.78,14.9
581,Flying Coaster,14.0,14.75
582,Rapids Ride,14.75,15.25
583,Merry Go Round,15.28,15.95
584,Giga Coaster,15.98,16.1
585,Vertical Drop,16.1,16.22
586,Top Spin,16.22,16.33
587,Power Tower,16.33,16.58
588,Himalaya Ride,16.58,16.7
589,Roller Coaster,16.7,16.82
590,Water Ride,16.82,17.48
591,Superman Ride,17.48,17.82
592,Crazy Dance,17.82,17.93
593,Kiddie Coaster,14.0,14.33
594,Merry Go Round,14.33,15.08
595,Flying Coaster,15.12,15.78
596,Giga Coaster,15.82,15.93
597,Vertical Drop,15.93,16.05
598,Top Spin,16.05,16.17
599,Power Tower,16.17,16.42
600,Himalaya Ride,16.42,16.53
601,Roller Coaster,16.53,16.65
602,Water Ride,16.65,17.32
603,Superman Ride,17.32,17.65
604,Crazy Dance,17.65,17.77
605,Circus Train,10.0,10.17
606,Go-Karts,10.17,10.33
607,Flying Coaster,10.37,10.7
608,Giga Coaster,10.73,10.85
609,Crazy Dance,10.85,10.97
610,Roller Coaster,10.97,11.38
611,Himalaya Ride,11.38,11.5
612,Power Tower,11.5,12.0
613,Top Spin,12.0,12.12
614,Vertical Drop,12.12,12.23
615,Water Ride,12.23,12.98
616,Giga Coaster,12.98,13.1
617,Roller Coaster,13.1,14.1
618,Giga Coaster,14.1,14.22
619,Oz Theatre,14.22,14.55
620,Spiral Slide,14.55,16.63
621,Crazy Dance,16.63,16.75
622,Flying Coaster,14.0,14.75
623,Crazy Dance,14.75,14.87
624,Giga Coaster,14.9,15.02
625,Giga Coaster,15.03,15.15
626,Vertical Drop,15.15,15.27
627,Top Spin,15.27,15.38
628,Power Tower,15.38,15.72
629,Himalaya Ride,15.72,15.83
630,Roller Coaster,15.83,16.67
631,Water Ride,16.67,17.33
632,Superman Ride,17.33,17.67
633,Crazy Dance,17.67,17.78
634,Circus Train,11.0,11.17
635,Merry Go Round,11.17,11.33
636,Go-Karts,11.5,12.33
637,Giga Coaster,12.35,12.47
638,Spiral Slide,12.47,14.05
639,Oz Theatre,14.05,14.38
640,Giga Coaster,14.38,14.5
641,Roller Coaster,14.5,15.08
642,Monorail,15.08,16.58
643,Giga Coaster,16.58,16.7
644,Vertical Drop,16.7,16.82
645,Top Spin,16.82,16.93
646,Flying Coaster,12.0,12.67
647,Merry Go Round,12.67,13.58
648,Spinning Coaster,13.62,14.2
649,Giga Coaster,14.25,14.37
650,Vertical Drop,14.37,14.48
651,Top Spin,14.48,14.6
652,Power Tower,14.6,14.93
653,Himalaya Ride,14.93,15.05
654,Roller Coaster,15.05,15.63
655,Giga Coaster,12.0,12.12
656,Go-Karts,12.12,13.03
657,Kiddie Coaster,13.07,13.23
658,Giga Coaster,13.25,13.37
659,Monorail,13.37,15.12
660,Giga Coaster,15.12,15.23
661,Vertical Drop,15.23,15.35
662,Top Spin,15.35,15.47
663,Power Tower,15.47,15.8
664,Himalaya Ride,15.8,15.92
665,Roller Coaster,15.92,16.75
666,Water Ride,16.75,17.42
667,Superman Ride,17.42,17.75
668,Crazy Dance,17.75,17.87
669,Merry Go Round,10.0,10.12
670,Rapids Ride,10.12,10.23
671,Flying Coaster,10.25,10.58
672,Giga Coaster,10.62,10.73
673,Crazy Dance,10.73,10.85
674,Roller Coaster,10.85,11.27
675,Himalaya Ride,11.27,11.38
676,Power Tower,11.38,11.88
677,Top Spin,11.88,12.0
678,Vertical Drop,12.0,12.12
679,Water Ride,12.12,12.87
680,Giga Coaster,12.87,12.98
681,Flying Coaster,14.0,14.75
682,Circus Train,14.75,15.0
683,Flying Coaster,15.02,15.68
684,Giga Coaster,15.73,15.85
685,Vertical Drop,15.85,15.97
686,Top Spin,15.97,16.08
687,Power Tower,16.08,16.33
688,Himalaya Ride,16.33,16.45
689,Roller Coaster,16.45,17.28
690,Water Ride,17.28,17.7
691,Flying Coaster,13.0,13.75
692,Circus Train,13.75,14.0
693,Flying Coaster,14.05,14.8
694,Giga Coaster,14.82,14.93
695,Vertical Drop,14.93,15.05
696,Top Spin,15.05,15.17
697,Power Tower,15.17,15.5
698,Himalaya Ride,15.5,15.62
699,Roller Coaster,15.62,16.45
700,Drop Tower,10.0,10.33
701,Rapids Ride,10.33,10.45
702,Bungee Jump,10.47,10.72
703,Giga Coaster,10.75,10.87
704,Crazy Dance,10.87,10.98
705,Roller Coaster,10.98,11.4
706,Himalaya Ride,11.4,11.52
707,Power Tower,11.52,12.02
708,Top Spin,12.02,12.13
709,Vertical Drop,12.13,12.25
710,Water Ride,12.25,13.0
711,Giga Coaster,13.0,13.12
712,Roller Coaster,13.12,14.12
713,Giga Coaster,14.12,14.23
714,Oz Theatre,14.23,14.57
715,Inverted Coaster,14.0,14.42
716,Go-Karts,14.42,15.33
717,Merry Go Round,15.35,16.02
718,Giga Coaster,16.03,16.15
719,Top Spin,16.15,16.27
720,Power Tower,16.27,16.52
721,Roller Coaster,16.52,16.63
722,Water Ride,16.63,17.3
723,Superman Ride,17.3,17.63
724,Crazy Dance,17.63,17.75
725,Merry Go Round,14.0,14.75
726,Roller Coaster,14.75,15.33
727,Merry Go Round,15.35,16.02
728,Giga Coaster,16.05,16.17
729,Top Spin,16.17,16.28
730,Power Tower,16.28,16.53
731,Roller Coaster,16.53,16.65
732,Water Ride,16.65,17.32
733,Superman Ride,17.32,17.65
734,Crazy Dance,17.65,17.77
735,Inverted Coaster,14.0,14.42
736,Merry Go Round,14.42,15.17
737,Roller Coaster,15.18,15.77
738,Giga Coaster,15.78,15.9
739,Vertical Drop,15.9,16.02
740,Top Spin,16.02,16.13
741,Power Tower,16.13,16.38
742,Himalaya Ride,16.38,16.5
743,Roller Coaster,16.5,17.33
744,Water Ride,17.33,17.75
745,Himalaya Ride,14.0,14.12
746,Drop Tower,14.12,14.95
747,Flying Coaster,15.0,15.67
748,Giga Coaster,15.68,15.8
749,Vertical Drop,15.8,15.92
750,Top Spin,15.92,16.03
751,Power Tower,16.03,16.28
752,Himalaya Ride,16.28,16.4
753,Roller Coaster,16.4,17.23
754,Water Ride,17.23,17.65
755,Flying Coaster,11.0,11.25
756,Spinning Coaster,11.25,11.75
757,Go-Karts,11.88,12.72
758,Giga Coaster,12.77,12.88
759,Spiral Slide,12.88,14.47
760,Oz Theatre,14.47,14.8
761,Giga Coaster,14.8,14.92
762,Roller Coaster,14.92,15.5
763,Flying Coaster,13.0,13.75
764,Roller Coaster,13.75,14.58
765,Superman Ride,14.62,14.95
766,Giga Coaster,15.0,15.12
767,Vertical Drop,15.12,15.23
768,Top Spin,15.23,15.35
769,Power Tower,15.35,15.68
770,Himalaya Ride,15.68,15.8
771,Roller Coaster,15.8,16.63
772,Kiddie Coaster,11.0,11.17
773,Dizzy Dropper,11.17,11.42
774,Drop Tower,11.45,12.12
775,Giga Coaster,12.13,12.25
776,Spiral Slide,12.25,13.83
777,Oz Theatre,13.83,14.17
778,Giga Coaster,14.17,14.28
779,Roller Coaster,14.28,15.12
780,Monorail,15.12,16.62
781,Giga Coaster,16.62,16.73
782,Vertical Drop,16.73,16.85
783,Top Spin,16.85,16.97
784,Drop Tower,13.0,13.83
785,Spinning Coaster,13.83,14.42
786,Himalaya Ride,14.47,14.58
787,Giga Coaster,14.6,14.72
788,Vertical Drop,14.72,14.83
789,Top Spin,14.83,14.95
790,Power Tower,14.95,15.28
791,Himalaya Ride,15.28,15.4
792,Roller Coaster,15.4,15.98
793,Water Ride,15.98,16.65
794,Superman Ride,16.65,16.98
795,Crazy Dance,16.98,17.1
796,Scooby Doo,17.1,17.6
797,Bungee Jump,14.0,14.75
798,Bungee Jump,14.75,15.58
799,Haunted House,15.62,16.12
800,Giga Coaster,16.13,16.25
801,Top Spin,16.25,16.37
802,Power Tower,16.37,16.62
803,Roller Coaster,16.62,16.73
804,Water Ride,16.73,17.4
805,Superman Ride,17.4,17.73
806,Crazy Dance,17.73,17.85
807,Flying Coaster,13.0,13.75
808,Bungee Jump,13.75,14.5
809,Merry Go Round,14.55,15.22
810,Giga Coaster,15.27,15.38
811,Vertical Drop,15.38,15.5
812,Top Spin,15.5,15.62
813,Power Tower,15.62,15.87
814,Himalaya Ride,15.87,15.98
815,Roller Coaster,15.98,16.82
816,Water Ride,16.82,17.48
817,Superman Ride,17.48,17.82
818,Crazy Dance,17.82,17.93
819,Giant Wheel,11.0,12.0
820,Superman Ride,12.0,12.33
821,Go-Karts,12.35,13.27
822,Giga Coaster,13.32,13.43
823,Monorail,13.43,15.18
824,Giga Coaster,15.18,15.3
825,Vertical Drop,15.3,15.42
826,Top Spin,15.42,15.53
827,Power Tower,15.53,15.78
828,Himalaya Ride,15.78,15.9
829,Water Ride,10.0,10.42
830,Drop Tower,10.42,10.75
831,Spiral Slide,10.77,12.35
832,Giga Coaster,12.38,12.5
833,Spiral Slide,12.5,14.08
834,Oz Theatre,14.08,14.42
835,Giga Coaster,14.42,14.53
836,Roller Coaster,14.53,15.12
837,Monorail,15.12,16.62
838,Giga Coaster,16.62,16.73
839,Vertical Drop,16.73,16.85
840,Top Spin,16.85,16.97
841,Power Tower,16.97,17.22
842,Himalaya Ride,17.22,17.33
843,Roller Coaster,17.33,17.45
844,Crazy Dance,17.45,17.57
845,Spinning Coaster,10.0,10.25
846,Haunted House,10.25,10.42
847,Bumper Cars,10.43,10.6
848,Giga Coaster,10.62,10.73
849,Crazy Dance,10.73,10.85
850,Roller Coaster,10.85,11.27
851,Himalaya Ride,11.27,11.38
852,Power Tower,11.38,11.88
853,Top Spin,11.88,12.0
854,Vertical Drop,12.0,12.12
855,Water Ride,12.12,12.87
856,Giga Coaster,12.87,12.98
857,Roller Coaster,12.98,14.15
858,Giga Coaster,14.15,14.27
859,Oz Theatre,14.27,14.6
860,Dizzy Dropper,14.0,14.42
861,Giant Wheel,14.42,15.5
862,Flying Coaster,15.52,16.1
863,Giga Coaster,16.15,16.27
864,Top Spin,16.27,16.38
865,Power Tower,16.38,16.63
866,Roller Coaster,16.63,16.75
867,Water Ride,16.75,17.42
868,Superman Ride,17.42,17.75
869,Crazy Dance,17.75,17.87
870,Spinning Coaster,12.0,12.67
871,Kiddie Coaster,12.67,12.83
872,Flying Coaster,12.88,13.63
873,Giga Coaster,13.65,13.77
874,Monorail,13.77,15.52
875,Giga Coaster,15.52,15.63
876,Vertical Drop,15.63,15.75
877,Top Spin,15.75,15.87
878,Power Tower,15.87,16.12
879,Himalaya Ride,16.12,16.23
880,Roller Coaster,16.23,17.07
881,Water Ride,17.07,17.48
882,Superman Ride,17.48,17.82
883,Crazy Dance,17.82,17.93
884,Circus Train,11.0,11.17
885,Merry Go Round,11.17,11.33
886,Go-Karts,11.5,12.33
887,Giga Coaster,12.37,12.48
888,Spiral Slide,12.48,14.07
889,Oz Theatre,14.07,14.4
890,Giga Coaster,14.4,14.52
891,Flying Coaster,13.0,13.75
892,Merry Go Round,13.75,14.5
893,Swing Ride,14.53,15.45
894,Giga Coaster,15.48,15.6
895,Vertical Drop,15.6,15.72
896,Top Spin,15.72,15.83
897,Power Tower,15.83,16.08
898,Himalaya Ride,16.08,16.2
899,Roller Coaster,16.2,17.03
900,Water Ride,17.03,17.45
901,Superman Ride,17.45,17.78
902,Crazy Dance,17.78,17.9
903,Merry Go Round,12.0,12.67
904,Himalaya Ride,12.67,12.78
905,Giant Wheel,12.8,13.88
906,Giga Coaster,13.92,14.03
907,Monorail,14.03,15.78
908,Giga Coaster,15.78,15.9
909,Vertical Drop,15.9,16.02
910,Top Spin,16.02,16.13
911,Power Tower,16.13,16.38
912,Himalaya Ride,16.38,16.5
913,Go-Karts,11.0,11.92
914,Giant Wheel,11.92,12.92
915,Free Fall,12.93,13.85
916,Giga Coaster,13.88,14.0
917,Monorail,14.0,15.75
918,Giga Coaster,15.75,15.87
919,Vertical Drop,15.87,15.98
920,Top Spin,15.98,16.1
921,Power Tower,16.1,16.35
922,Himalaya Ride,16.35,16.47
923,Roller Coaster,16.47,17.3
924,Water Ride,17.3,17.72
925,Flying Coaster,10.0,10.33
926,Merry Go Round,10.33,10.45
927,Flying Coaster,10.48,10.82
928,Giga Coaster,10.83,10.95
929,Crazy Dance,10.95,11.07
930,Roller Coaster,11.07,11.48
931,Himalaya Ride,11.48,11.6
932,Power Tower,11.6,12.1
933,Top Spin,12.1,12.22
934,Vertical Drop,12.22,12.33
935,Water Ride,12.33,13.08
936,Giga Coaster,13.08,13.2
937,Roller Coaster,13.2,14.2
938,Giga Coaster,14.2,14.32
939,Oz Theatre,14.32,14.65
940,Spiral Slide,14.65,16.73
941,Crazy Dance,16.73,16.85
942,Go-Karts,10.0,10.17
943,Swing Ride,10.17,10.83
944,Flying Coaster,10.87,11.12
945,Giga Coaster,11.15,11.27
946,Superman Ride,11.27,11.6
947,Water Ride,11.6,12.35
948,Crazy Dance,12.35,12.47
949,Roller Coaster,12.47,13.13
950,Himalaya Ride,13.13,13.25
951,Power Tower,13.25,13.75
952,Top Spin,13.75,13.87
953,Top Spin,13.87,13.98
954,Giga Coaster,13.98,14.1
955,Monorail,14.1,15.85
956,Flying Coaster,12.0,12.67
957,Rapids Ride,12.67,13.33
958,Go-Karts,13.35,14.27
959,Giga Coaster,14.28,14.4
960,Vertical Drop,14.4,14.52
961,Top Spin,14.52,14.63
962,Power Tower,14.63,14.97
963,Himalaya Ride,14.97,15.08
964,Roller Coaster,15.08,15.67
965,Water Ride,15.67,16.33
966,Superman Ride,16.33,16.67
967,Crazy Dance,16.67,16.78
968,Go-Karts,13.0,13.92
969,Flying Coaster,13.92,14.67
970,Merry Go Round,14.68,15.35
971,Giga Coaster,15.4,15.52
972,Vertical Drop,15.52,15.63
973,Top Spin,15.63,15.75
974,Power Tower,15.75,16.0
975,Himalaya Ride,16.0,16.12
976,Roller Coaster,16.12,16.95
977,Flying Coaster,13.0,13.75
978,Go-Karts,13.75,14.67
979,Flying Coaster,14.68,15.35
980,Giga Coaster,15.4,15.52
981,Vertical Drop,15.52,15.63
982,Top Spin,15.63,15.75
983,Power Tower,15.75,16.0
984,Himalaya Ride,16.0,16.12
985,Roller Coaster,16.12,16.95
986,Water Ride,16.95,17.62
987,Superman Ride,17.62,17.95
988,Flying Coaster,12.0,12.67
989,Merry Go Round,12.67,13.58
990,Merry Go Round,13.6,14.35
991,Giga Coaster,14.38,14.5
992,Vertical Drop,14.5,14.62
993,Top Spin,14.62,14.73
994,Power Tower,14.73,15.07
995,Himalaya Ride,15.07,15.18
996,Roller Coaster,15.18,15.77
997,Water Ride,15.77,16.43
998,Superman Ride,16.43,16.77
999,Crazy Dance,16.77,16.88
1000,Scooby Doo,16.88,17.55
1001,Superman Ride,13.0,13.33
1002,Oz Theatre,13.33,13.67
1003,Flying Coaster,13.68,14.43
1004,Giga Coaster,14.47,14.58
1005,Vertical Drop,14.58,14.7
1006,Top Spin,14.7,14.82
1007,Power Tower,14.82,15.15
1008,Himalaya Ride,15.15,15.27
1009,Roller Coaster,15.27,15.85
1010,Water Ride,15.85,16.52
1011,Superman Ride,16.52,16.85
1012,Crazy Dance,16.85,16.97
1013,Merry Go Round,11.0,11.17
1014,Flying Coaster,11.17,11.42
1015,Go-Karts,11.47,12.38
1016,Giga Coaster,12.43,12.55
1017,Spiral Slide,12.55,14.13
1018,Oz Theatre,14.13,14.47
1019,Giga Coaster,14.47,14.58
1020,Roller Coaster,14.58,15.17
1021,Monorail,15.17,16.67
1022,Giga Coaster,16.67,16.78
1023,Vertical Drop,16.78,16.9
1024,Top Spin,16.9,17.02
1025,Power Tower,17.02,17.27
1026,Himalaya Ride,17.27,17.38
1027,Roller Coaster,17.38,17.5
1028,Crazy Dance,17.5,17.62
1029,Spinning Coaster,10.0,10.25
1030,Bungee Jump,10.25,10.5
1031,Water Ride,10.53,11.12
1032,Giga Coaster,11.13,11.25
1033,Superman Ride,11.25,11.58
1034,Water Ride,11.58,12.33
1035,Crazy Dance,12.33,12.45
1036,Roller Coaster,12.45,13.12
1037,Himalaya Ride,13.12,13.23
1038,Power Tower,13.23,13.73
1039,Top Spin,13.73,13.85
1040,Top Spin,13.85,13.97
1041,Giga Coaster,13.97,14.08
1042,Crazy Dance,10.0,10.12
1043,Spinning Coaster,10.12,10.37
1044,Spinning Coaster,10.4,10.65
1045,Giga Coaster,10.68,10.8
1046,Crazy Dance,10.8,10.92
1047,Roller Coaster,10.92,11.33
1048,Himalaya Ride,11.33,11.45
1049,Power Tower,11.45,11.95
1050,Top Spin,11.95,12.07
1051,Vertical Drop,12.07,12.18
1052,Water Ride,12.18,12.93
1053,Giga Coaster,12.93,13.05
1054,Roller Coaster,13.05,14.05
1055,Giga Coaster,14.05,14.17
1056,Oz Theatre,14.17,14.5
1057,Spiral Slide,14.5,16.58
1058,Crazy Dance,16.58,16.7
1059,Oz Theatre,16.7,17.03
1060,Flying Coaster,14.0,14.75
1061,Rapids Ride,14.75,15.25
1062,Superman Ride,15.28,15.62
1063,Giga Coaster,15.67,15.78
1064,Vertical Drop,15.78,15.9
1065,Top Spin,15.9,16.02
1066,Power Tower,16.02,16.27
1067,Himalaya Ride,16.27,16.38
1068,Roller Coaster,16.38,17.22
1069,Water Ride,17.22,17.63
1070,Superman Ride,17.63,17.97
1071,Spinning Coaster,10.0,10.25
1072,Bumper Cars,10.25,10.42
1073,Flying Coaster,10.47,10.8
1074,Giga Coaster,10.85,10.97
1075,Crazy Dance,10.97,11.08
1076,Roller Coaster,11.08,11.5
1077,Himalaya Ride,11.5,11.62
1078,Power Tower,11.62,12.12
1079,Top Spin,12.12,12.23
1080,Vertical Drop,12.23,12.35
1081,Water Ride,12.35,13.1
1082,Giga Coaster,13.1,13.22
1083,Rapids Ride,12.0,12.67
1084,Go-Karts,12.67,13.58
1085,Spinning Coaster,13.62,14.2
1086,Giga Coaster,14.23,14.35
1087,Vertical Drop,14.35,14.47
1088,Top Spin,14.47,14.58
1089,Power Tower,14.58,14.92
1090,Himalaya Ride,14.92,15.03
1091,Roller Coaster,15.03,15.62
1092,Flying Coaster,12.0,12.67
1093,Himalaya Ride,12.67,12.78
1094,Go-Karts,12.8,13.72
1095,Giga Coaster,13.73,13.85
1096,Monorail,13.85,15.6
1097,Giga Coaster,15.6,15.72
1098,Vertical Drop,15.72,15.83
1099,Top Spin,15.83,15.95
1100,Power Tower,15.95,16.2
1101,Himalaya Ride,16.2,16.32
1102,Dizzy Dropper,12.0,12.33
1103,Merry Go Round,12.33,13.0
1104,Zipline,13.03,13.95
1105,Giga Coaster,14.0,14.12
1106,Monorail,14.12,15.87
1107,Giga Coaster,15.87,15.98
1108,Vertical Drop,15.98,16.1
1109,Top Spin,16.1,16.22
1110,Power Tower,16.22,16.47
1111,Himalaya Ride,16.47,16.58
1112,Roller Coaster,16.58,16.7
1113,Spinning Coaster,14.0,14.58
1114,Merry Go Round,14.58,15.25
1115,Swing Ride,15.3,16.22
1116,Giga Coaster,16.23,16.35
1117,Top Spin,16.35,16.47
1118,Power Tower,16.47,16.72
1119,Roller Coaster,16.72,16.83
1120,Water Ride,16.83,17.5
1121,Superman Ride,17.5,17.83
1122,Crazy Dance,17.83,17.95
1123,Flying Coaster,11.0,11.25
1124,Circus Train,11.25,11.42
1125,Bumper Cars,11.43,11.85
1126,Giga Coaster,11.87,11.98
1127,Superman Ride,11.98,12.32
1128,Water Ride,12.32,13.07
1129,Crazy Dance,13.07,13.18
1130,Roller Coaster,13.18,14.18
1131,Himalaya Ride,14.18,14.3
1132,Power Tower,14.3,14.63
1133,Top Spin,14.63,14.75
1134,Top Spin,14.75,14.87
1135,Giga Coaster,14.87,14.98
1136,Monorail,14.98,16.48
1137,Roller Coaster,16.48,17.32
1138,Giga Coaster,17.32,17.43
1139,Oz Theatre,17.43,17.55
1140,Giant Wheel,10.0,10.67
1141,Flying Coaster,10.67,10.92
1142,Crazy Dance,10.97,11.08
1143,Giga Coaster,11.12,11.23
1144,Superman Ride,11.23,11.57
1145,Water Ride,11.57,12.32
1146,Crazy Dance,12.32,12.43
1147,Roller Coaster,12.43,13.1
1148,Himalaya Ride,13.1,13.22
1149,Power Tower,13.22,13.72
1150,Top Spin,13.72,13.83
1151,Top Spin,13.83,13.95
1152,Giga Coaster,13.95,14.07
1153,Monorail,14.07,15.82
1154,Spinning Coaster,14.0,14.58
1155,Himalaya Ride,14.58,14.7
1156,Go-Karts,14.72,15.63
1157,Giga Coaster,15.68,15.8
1158,Vertical Drop,15.8,15.92
1159,Top Spin,15.92,16.03
1160,Power Tower,16.03,16.28
1161,Himalaya Ride,16.28,16.4
1162,Roller Coaster,16.4,17.23
1163,Water Ride,17.23,17.65
1164,Merry Go Round,11.0,11.17
1165,Go-Karts,11.17,12.08
1166,Go-Karts,12.12,13.03
1167,Giga Coaster,13.07,13.18
1168,Monorail,13.18,14.93
1169,Giga Coaster,14.93,15.05
1170,Vertical Drop,15.05,15.17
1171,Top Spin,15.17,15.28
1172,Power Tower,15.28,15.62
1173,Himalaya Ride,15.62,15.73
1174,Flying Coaster,10.0,10.33
1175,Flying Coaster,10.33,10.67
1176,Flying Coaster,10.68,10.93
1177,Giga Coaster,10.95,11.07
1178,Crazy Dance,11.07,11.18
1179,Roller Coaster,11.18,11.6
1180,Himalaya Ride,11.6,11.72
1181,Power Tower,11.72,12.22
1182,Top Spin,12.22,12.33
1183,Vertical Drop,12.33,12.45
1184,Water Ride,12.45,13.2
1185,Giga Coaster,13.2,13.32
1186,Roller Coaster,13.32,14.32
1187,Giga Coaster,14.32,14.43
1188,Oz Theatre,14.43,14.77
1189,Go-Karts,14.0,14.92
1190,Flying Coaster,14.92,15.58
1191,Flying Coaster,15.62,16.2
1192,Giga Coaster,16.23,16.35
1193,Top Spin,16.35,16.47
1194,Power Tower,16.47,16.72
1195,Roller Coaster,16.72,16.83
1196,Water Ride,16.83,17.5
1197,Superman Ride,17.5,17.83
1198,Crazy Dance,17.83,17.95
1199,Superman Ride,11.0,11.33
1200,Merry Go Round,11.33,11.5
1201,Go-Karts,11.53,12.37
1202,Giga Coaster,12.4,12.52
1203,Spiral Slide,12.52,14.1
1204,Oz Theatre,14.1,14.43
1205,Giga Coaster,14.43,14.55
1206,Roller Coaster,14.55,15.13
1207,Go-Karts,10.0,10.17
1208,Free Fall,10.17,12.25
1209,Spiral Slide,12.27,13.85
1210,Giga Coaster,13.9,14.02
1211,Monorail,14.02,15.77
1212,Giga Coaster,15.77,15.88
1213,Vertical Drop,15.88,16.0
1214,Top Spin,16.0,16.12
1215,Power Tower,16.12,16.37
1216,Himalaya Ride,16.37,16.48
1217,Flying Coaster,11.0,11.25
1218,Merry Go Round,11.25,11.42
1219,Flying Coaster,11.43,11.68
1220,Giga Coaster,11.72,11.83
1221,Superman Ride,11.83,12.17
1222,Water Ride,12.17,12.92
1223,Crazy Dance,12.92,13.03
1224,Roller Coaster,13.03,14.03
1225,Himalaya Ride,14.03,14.15
1226,Power Tower,14.15,14.48
1227,Top Spin,14.48,14.6
1228,Top Spin,14.6,14.72
1229,Giga Coaster,14.72,14.83
1230,Monorail,14.83,16.33
1231,Dizzy Dropper,12.0,12.33
1232,Merry Go Round,12.33,13.0
1233,Superman Ride,13.02,13.35
1234,Giga Coaster,13.4,13.52
1235,Monorail,13.52,15.27
1236,Giga Coaster,15.27,15.38
1237,Vertical Drop,15.38,15.5
1238,Top Spin,15.5,15.62
1239,Power Tower,15.62,15.87
1240,Water Ride,14.0,14.67
1241,Go-Karts,14.67,15.58
1242,Spinning Coaster,15.62,16.2
1243,Giga Coaster,16.23,16.35
1244,Top Spin,16.35,16.47
1245,Power Tower,16.47,16.72
1246,Roller Coaster,16.72,16.83
1247,Water Ride,16.83,17.5
1248,Superman Ride,17.5,17.83
1249,Crazy Dance,17.83,17.95
1250,Flying Coaster,13.0,13.75
1251,Merry Go Round,13.75,14.5
1252,Merry Go Round,14.55,15.22
1253,Giga Coaster,15.25,15.37
1254,Vertical Drop,15.37,15.48
1255,Top Spin,15.48,15.6
1256,Power Tower,15.6,15.85
1257,Himalaya Ride,15.85,15.97
1258,Roller Coaster,15.97,16.8
1259,Water Ride,16.8,17.47
1260,Superman Ride,17.47,17.8
1261,Crazy Dance,17.8,17.92
1262,Rapids Ride,11.0,11.17
1263,Oz Theatre,11.17,11.28
1264,Drop Tower,11.32,11.98
1265,Giga Coaster,12.0,12.12
1266,Superman Ride,12.12,12.45
1267,Water Ride,12.45,13.2
1268,Crazy Dance,13.2,13.32
1269,Roller Coaster,13.32,14.32
1270,Himalaya Ride,14.32,14.43
1271,Power Tower,14.43,14.77
1272,Top Spin,14.77,14.88
1273,Top Spin,14.88,15.0
1274,Giga Coaster,15.0,15.12
1275,Monorail,15.12,16.62
1276,Roller Coaster,16.62,16.73
1277,Giga Coaster,16.73,16.85
1278,Oz Theatre,16.85,17.18
1279,Flying Coaster,13.0,13.75
1280,Giant Wheel,13.75,14.83
1281,Swing Ride,14.85,15.77
1282,Giga Coaster,15.82,15.93
1283,Vertical Drop,15.93,16.05
1284,Top Spin,16.05,16.17
1285,Power Tower,16.17,16.42
1286,Himalaya Ride,16.42,16.53
1287,Roller Coaster,16.53,16.65
1288,Giant Wheel,14.0,15.08
1289,Spinning Coaster,15.08,15.75
1290,Free Fall,15.8,16.88
1291,Giga Coaster,16.92,17.03
1292,Top Spin,17.03,17.15
1293,Power Tower,17.15,17.4
1294,Roller Coaster,17.4,17.52
1295,Merry Go Round,11.0,11.17
1296,Flying Coaster,11.17,11.42
1297,Flying Coaster,11.45,11.7
1298,Giga Coaster,11.75,11.87
1299,Superman Ride,11.87,12.2
1300,Water Ride,12.2,12.95
1301,Crazy Dance,12.95,13.07
1302,Roller Coaster,13.07,14.07
1303,Himalaya Ride,14.07,14.18
1304,Power Tower,14.18,14.52
1305,Top Spin,14.52,14.63
1306,Top Spin,14.63,14.75
1307,Giga Coaster,14.75,14.87
1308,Flying Coaster,11.0,11.25
1309,Flying Coaster,11.25,11.5
1310,Roller Coaster,11.52,12.18
1311,Giga Coaster,12.22,12.33
1312,Spiral Slide,12.33,13.92
1313,Oz Theatre,13.92,14.25
1314,Giga Coaster,14.25,14.37
1315,Roller Coaster,14.37,15.2
1316,Monorail,15.2,16.7
1317,Giga Coaster,16.7,16.82
1318,Inverted Coaster,10.0,10.17
1319,Kiddie Coaster,10.17,10.28
1320,Merry Go Round,10.3,10.42
1321,Giga Coaster,10.43,10.55
1322,Crazy Dance,10.55,10.67
1323,Roller Coaster,10.67,11.08
1324,Himalaya Ride,11.08,11.2
1325,Power Tower,11.2,11.7
1326,Top Spin,11.7,11.82
1327,Vertical Drop,11.82,11.93
1328,Water Ride,11.93,12.68
1329,Giga Coaster,12.68,12.8
1330,Roller Coaster,12.8,13.97
1331,Giga Coaster,13.97,14.08
1332,Oz Theatre,14.08,14.42
1333,Flying Coaster,13.0,13.75
1334,Inverted Coaster,13.75,14.17
1335,Merry Go Round,14.32,15.07
1336,Giga Coaster,15.12,15.23
1337,Vertical Drop,15.23,15.35
1338,Top Spin,15.35,15.47
1339,Power Tower,15.47,15.8
1340,Himalaya Ride,15.8,15.92
1341,Roller Coaster,15.92,16.75
1342,Water Ride,16.75,17.42
1343,Superman Ride,17.42,17.75
1344,Crazy Dance,17.75,17.87
1345,Merry Go Round,10.0,10.12
1346,Flying Coaster,10.12,10.45
1347,Go-Karts,10.48,10.65
1348,Giga Coaster,10.67,10.78
1349,Crazy Dance,10.78,10.9
1350,Roller Coaster,10.9,11.32
1351,Himalaya Ride,11.32,11.43
1352,Power Tower,11.43,11.93
1353,Top Spin,11.93,12.05
1354,Vertical Drop,12.05,12.17
1355,Water Ride,12.17,12.92
1356,Giga Coaster,12.92,13.03
1357,Roller Coaster,13.03,14.03
1358,Giga Coaster,14.03,14.15
1359,Oz Theatre,14.15,14.48
1360,Flying Coaster,11.0,11.25
1361,Rapids Ride,11.25,11.42
1362,Giant Wheel,11.43,12.43
1363,Giga Coaster,12.45,12.57
1364,Spiral Slide,12.57,14.15
1365,Oz Theatre,14.15,14.48
1366,Giga Coaster,14.48,14.6
1367,Roller Coaster,14.6,15.18
1368,Monorail,15.18,16.68
1369,Giga Coaster,16.68,16.8
1370,Go-Karts,13.0,13.92
1371,Giant Wheel,13.92,15.0
1372,Bumper Cars,15.05,15.38
1373,Giga Coaster,15.43,15.55
1374,Vertical Drop,15.55,15.67
1375,Top Spin,15.67,15.78
1376,Power Tower,15.78,16.03
1377,Himalaya Ride,16.03,16.15
1378,Roller Coaster,16.15,16.98
1379,Kiddie Coaster,10.0,10.12
1380,Flying Coaster,10.12,10.45
1381,Go-Karts,10.48,10.65
1382,Giga Coaster,10.68,10.8
1383,Crazy Dance,10.8,10.92
1384,Roller Coaster,10.92,11.33
1385,Himalaya Ride,11.33,11.45
1386,Power Tower,11.45,11.95
1387,Top Spin,11.95,12.07
1388,Vertical Drop,12.07,12.18
1389,Water Ride,12.18,12.93
1390,Giga Coaster,12.93,13.05
1391,Roller Coaster,13.05,14.05
1392,Giga Coaster,14.05,14.17
1393,Oz Theatre,14.17,14.5
1394,Spiral Slide,14.5,16.58
1395,Crazy Dance,16.58,16.7
1396,Merry Go Round,13.0,13.92
1397,Spinning Coaster,13.92,14.5
1398,Bumper Cars,14.53,14.87
1399,Giga Coaster,14.92,15.03
1400,Vertical Drop,15.03,15.15
1401,Top Spin,15.15,15.27
1402,Power Tower,15.27,15.6
1403,Himalaya Ride,15.6,15.72
1404,Roller Coaster,15.72,16.55
1405,Merry Go Round,10.0,10.12
1406,Oz Theatre,10.12,10.23
1407,Rapids Ride,10.25,10.37
1408,Giga Coaster,10.4,10.52
1409,Crazy Dance,10.52,10.63
1410,Roller Coaster,10.63,11.05
1411,Himalaya Ride,11.05,11.17
1412,Power Tower,11.17,11.67
1413,Top Spin,11.67,11.78
1414,Vertical Drop,11.78,11.9
1415,Water Ride,11.9,12.65
1416,Giga Coaster,12.65,12.77
1417,Roller Coaster,12.77,13.93
1418,Giga Coaster,13.93,14.05
1419,Oz Theatre,14.05,14.38
1420,Spiral Slide,14.38,16.47
1421,Crazy Dance,16.47,16.58
1422,Oz Theatre,16.58,16.92
1423,Kiddie Coaster,12.0,12.17
1424,Inverted Coaster,12.17,12.75
1425,Kiddie Coaster,12.78,12.95
1426,Giga Coaster,12.98,13.1
1427,Spiral Slide,13.1,14.68
1428,Oz Theatre,14.68,15.02
1429,Giga Coaster,15.02,15.13
1430,Roller Coaster,15.13,15.72
1431,Merry Go Round,13.0,13.92
1432,Merry Go Round,13.92,14.67
1433,Bumper Cars,14.68,15.02
1434,Giga Coaster,15.08,15.2
1435,Vertical Drop,15.2,15.32
1436,Top Spin,15.32,15.43
1437,Power Tower,15.43,15.77
1438,Himalaya Ride,15.77,15.88
1439,Roller Coaster,15.88,16.72
1440,Merry Go Round,10.0,10.12
1441,Giant Wheel,10.12,10.78
1442,Flying Coaster,10.82,11.07
1443,Giga Coaster,11.12,11.23
1444,Superman Ride,11.23,11.57
1445,Water Ride,11.57,12.32
1446,Crazy Dance,12.32,12.43
1447,Roller Coaster,12.43,13.1
1448,Himalaya Ride,13.1,13.22
1449,Power Tower,13.22,13.72
1450,Top Spin,13.72,13.83
1451,Top Spin,13.83,13.95
1452,Giga Coaster,13.95,14.07
1453,Oz Theatre,13.0,13.33
1454,Flying Coaster,13.33,14.08
1455,Circus Train,14.12,14.37
1456,Giga Coaster,14.38,14.5
1457,Vertical Drop,14.5,14.62
1458,Top Spin,14.62,14.73
1459,Power Tower,14.73,15.07
1460,Himalaya Ride,15.07,15.18
1461,Roller Coaster,15.18,15.77
1462,Water Ride,15.77,16.43
1463,Superman Ride,16.43,16.77
1464,Crazy Dance,16.77,16.88
1465,Scooby Doo,16.88,17.55
1466,Inverted Coaster,10.0,10.17
1467,Superman Ride,10.17,10.28
1468,Free Fall,10.3,12.38
1469,Giga Coaster,12.4,12.52
1470,Spiral Slide,12.52,14.1
1471,Oz Theatre,14.1,14.43
1472,Giga Coaster,14.43,14.55
1473,Roller Coaster,14.55,15.13
1474,Monorail,15.13,16.63
1475,Giga Coaster,16.63,16.75
1476,Vertical Drop,16.75,16.87
1477,Top Spin,16.87,16.98
1478,Power Tower,16.98,17.23
1479,Himalaya Ride,17.23,17.35
1480,Roller Coaster,17.35,17.47
1481,Crazy Dance,17.47,17.58
1482,Flying Coaster,13.0,13.75
1483,Flying Coaster,13.75,14.5
1484,Rapids Ride,14.55,15.05
1485,Giga Coaster,15.07,15.18
1486,Vertical Drop,15.18,15.3
1487,Top Spin,15.3,15.42
1488,Power Tower,15.42,15.75
1489,Himalaya Ride,15.75,15.87
1490,Roller Coaster,15.87,16.7
1491,Water Ride,16.7,17.37
1492,Superman Ride,17.37,17.7
1493,Crazy Dance,17.7,17.82
1494,Flying Coaster,13.0,13.75
1495,Giant Wheel,13.75,14.83
1496,Rapids Ride,14.88,15.38
1497,Giga Coaster,15.4,15.52
1498,Vertical Drop,15.52,15.63
1499,Top Spin,15.63,15.75
1500,Power Tower,15.75,16.0
1501,Himalaya Ride,16.0,16.12
1502,Roller Coaster,16.12,16.95
1503,Circus Train,11.0,11.17
1504,Spinning Coaster,11.17,11.67
1505,Giant Wheel,11.72,12.72
1506,Giga Coaster,12.75,12.87
1507,Spiral Slide,12.87,14.45
1508,Oz Theatre,14.45,14.78
1509,Giga Coaster,14.78,14.9
1510,Roller Coaster,14.9,15.48
1511,Monorail,15.48,16.98
1512,Giga Coaster,16.98,17.1
1513,Vertical Drop,17.1,17.22
1514,Top Spin,17.22,17.33
1515,Power Tower,17.33,17.58
1516,Himalaya Ride,17.58,17.7
1517,Roller Coaster,17.7,17.82
1518,Crazy Dance,17.82,17.93
1519,Superman Ride,14.0,14.33
1520,Go-Karts,14.33,15.25
1521,Flying Coaster,15.28,15.95
1522,Giga Coaster,15.97,16.08
1523,Vertical Drop,16.08,16.2
1524,Top Spin,16.2,16.32
1525,Power Tower,16.32,16.57
1526,Himalaya Ride,16.57,16.68
1527,Roller Coaster,16.68,16.8
1528,Water Ride,16.8,17.47
1529,Superman Ride,17.47,17.8
1530,Crazy Dance,17.8,17.92
1531,Drop Tower,13.0,13.83
1532,Merry Go Round,13.83,14.58
1533,Flying Coaster,14.6,15.27
1534,Giga Coaster,15.3,15.42
1535,Vertical Drop,15.42,15.53
1536,Top Spin,15.53,15.65
1537,Power Tower,15.65,15.9
1538,Himalaya Ride,15.9,16.02
1539,Roller Coaster,16.02,16.85
1540,Circus Train,13.0,13.25
1541,Swing Ride,13.25,14.5
1542,Haunted House,14.53,15.12
1543,Giga Coaster,15.13,15.25
1544,Vertical Drop,15.25,15.37
1545,Top Spin,15.37,15.48
1546,Power Tower,15.48,15.82
1547,Himalaya Ride,15.82,15.93
1548,Roller Coaster,15.93,16.77
1549,Merry Go Round,10.0,10.12
1550,Merry Go Round,10.12,10.23
1551,Inverted Coaster,10.25,10.42
1552,Giga Coaster,10.43,10.55
1553,Crazy Dance,10.55,10.67
1554,Roller Coaster,10.67,11.08
1555,Himalaya Ride,11.08,11.2
1556,Power Tower,11.2,11.7
1557,Top Spin,11.7,11.82
1558,Vertical Drop,11.82,11.93
1559,Water Ride,11.93,12.68
1560,Giga Coaster,12.68,12.8
1561,Roller Coaster,12.8,13.97
1562,Giga Coaster,13.97,14.08
1563,Oz Theatre,14.08,14.42
1564,Spiral Slide,14.42,16.5
1565,Crazy Dance,16.5,16.62
1566,Oz Theatre,16.62,16.95
1567,Giga Coaster,13.0,13.12
1568,Flying Coaster,13.12,13.87
1569,Bungee Jump,13.9,14.65
1570,Giga Coaster,14.68,14.8
1571,Vertical Drop,14.8,14.92
1572,Top Spin,14.92,15.03
1573,Power Tower,15.03,15.37
1574,Himalaya Ride,15.37,15.48
1575,Roller Coaster,15.48,16.07
1576,Water Ride,16.07,16.73
1577,Superman Ride,16.73,17.07
1578,Crazy Dance,17.07,17.18
1579,Scooby Doo,17.18,17.68
1580,Merry Go Round,11.0,11.17
1581,Roller Coaster,11.17,11.58
1582,Giant Wheel,11.62,12.62
1583,Giga Coaster,12.65,12.77
1584,Spiral Slide,12.77,14.35
1585,Oz Theatre,14.35,14.68
1586,Giga Coaster,14.68,14.8
1587,Flying Coaster,11.0,11.25
1588,Rapids Ride,11.25,11.42
1589,Water Ride,11.45,12.03
1590,Giga Coaster,12.08,12.2
1591,Spiral Slide,12.2,13.78
1592,Oz Theatre,13.78,14.12
1593,Giga Coaster,14.12,14.23
1594,Roller Coaster,14.23,15.07
1595,Monorail,15.07,16.57
1596,Giga Coaster,16.57,16.68
1597,Vertical Drop,16.68,16.8
1598,Top Spin,16.8,16.92
1599,Flying Coaster,13.0,13.75
1600,Flying Coaster,13.75,14.5
1601,Flying Coaster,14.53,15.2
1602,Giga Coaster,15.22,15.33
1603,Vertical Drop,15.33,15.45
1604,Top Spin,15.45,15.57
1605,Power Tower,15.57,15.82
1606,Himalaya Ride,15.82,15.93
1607,Roller Coaster,15.93,16.77
1608,Water Ride,16.77,17.43
1609,Superman Ride,17.43,17.77
1610,Crazy Dance,17.77,17.88
1611,Flying Coaster,11.0,11.25
1612,Oz Theatre,11.25,11.37
1613,Bumper Cars,11.38,11.8
1614,Giga Coaster,11.82,11.93
1615,Superman Ride,11.93,12.27
1616,Water Ride,12.27,13.02
1617,Crazy Dance,13.02,13.13
1618,Roller Coaster,13.13,14.13
1619,Himalaya Ride,14.13,14.25
1620,Power Tower,14.25,14.58
1621,Top Spin,14.58,14.7
1622,Top Spin,14.7,14.82
1623,Giga Coaster,14.82,14.93
1624,Monorail,14.93,16.43
1625,Roller Coaster,16.43,17.27
1626,Giga Coaster,17.27,17.38
1627,Oz Theatre,17.38,17.5
1628,Go-Karts,10.0,10.17
1629,Merry Go Round,10.17,10.28
1630,Drop Tower,10.3,10.63
1631,Giga Coaster,10.65,10.77
1632,Crazy Dance,10.77,10.88
1633,Roller Coaster,10.88,11.3
1634,Himalaya Ride,11.3,11.42
1635,Power Tower,11.42,11.92
1636,Top Spin,11.92,12.03
1637,Vertical Drop,12.03,12.15
1638,Water Ride,12.15,12.9
1639,Giga Coaster,12.9,13.02
1640,Roller Coaster,13.02,14.02
1641,Giga Coaster,14.02,14.13
1642,Oz Theatre,14.13,14.47
1643,Spiral Slide,14.47,16.55
1644,Crazy Dance,16.55,16.67
1645,Superman Ride,13.0,13.33
1646,Go-Karts,13.33,14.25
1647,Spinning Coaster,14.28,14.87
1648,Giga Coaster,14.9,15.02
1649,Vertical Drop,15.02,15.13
1650,Top Spin,15.13,15.25
1651,Power Tower,15.25,15.58
1652,Himalaya Ride,15.58,15.7
1653,Roller Coaster,15.7,16.53
1654,Giant Wheel,13.0,14.08
1655,Water Ride,14.08,14.75
1656,Flying Coaster,14.8,15.47
1657,Giga Coaster,15.5,15.62
1658,Vertical Drop,15.62,15.73
1659,Top Spin,15.73,15.85
1660,Power Tower,15.85,16.1
1661,Himalaya Ride,16.1,16.22
1662,Dizzy Dropper,14.0,14.42
1663,Circus Train,14.42,14.67
1664,Circus Train,14.68,14.93
1665,Giga Coaster,14.95,15.07
1666,Vertical Drop,15.07,15.18
1667,Top Spin,15.18,15.3
1668,Power Tower,15.3,15.63
1669,Himalaya Ride,15.63,15.75
1670,Roller Coaster,15.75,16.58
1671,Water Ride,16.58,17.25
1672,Superman Ride,17.25,17.58
1673,Crazy Dance,17.58,17.7
1674,Go-Karts,14.0,14.92
1675,Circus Train,14.92,15.17
1676,Flying Coaster,15.2,15.87
1677,Giga Coaster,15.88,16.0
1678,Vertical Drop,16.0,16.12
1679,Top Spin,16.12,16.23
1680,Power Tower,16.23,16.48
1681,Himalaya Ride,16.48,16.6
1682,Roller Coaster,16.6,16.72
1683,Water Ride,16.72,17.38
1684,Superman Ride,17.38,17.72
1685,Crazy Dance,17.72,17.83
1686,Bumper Cars,11.0,11.42
1687,Flying Coaster,11.42,11.67
1688,Go-Karts,11.68,12.52
1689,Giga Coaster,12.53,12.65
1690,Spiral Slide,12.65,14.23
1691,Oz Theatre,14.23,14.57
1692,Giga Coaster,14.57,14.68
1693,Rapids Ride,11.0,11.17
1694,Flying Coaster,11.17,11.42
1695,Giant Wheel,11.43,12.43
1696,Giga Coaster,12.47,12.58
1697,Spiral Slide,12.58,14.17
1698,Oz Theatre,14.17,14.5
1699,Giga Coaster,14.5,14.62
1700,Kiddie Coaster,11.0,11.17
1701,Flying Coaster,11.17,11.42
1702,Flying Coaster,11.43,11.68
1703,Giga Coaster,11.72,11.83
1704,Superman Ride,11.83,12.17
1705,Water Ride,12.17,12.92
1706,Crazy Dance,12.92,13.03
1707,Roller Coaster,13.03,14.03
1708,Himalaya Ride,14.03,14.15
1709,Power Tower,14.15,14.48
1710,Top Spin,14.48,14.6
1711,Top Spin,14.6,14.72
1712,Giga Coaster,14.72,14.83
1713,Go-Karts,12.0,12.92
1714,Superman Ride,12.92,13.25
1715,Crazy Dance,13.3,13.42
1716,Giga Coaster,13.43,13.55
1717,Monorail,13.55,15.3
1718,Giga Coaster,15.3,15.42
1719,Vertical Drop,15.42,15.53
1720,Top Spin,15.53,15.65
1721,Power Tower,15.65,15.9
1722,Himalaya Ride,15.9,16.02
1723,Roller Coaster,16.02,16.85
1724,Roller Coaster,12.0,12.67
1725,Spinning Coaster,12.67,13.42
1726,Flying Coaster,13.45,14.2
1727,Giga Coaster,14.33,14.45
1728,Vertical Drop,14.45,14.57
1729,Top Spin,14.57,14.68
1730,Power Tower,14.68,15.02
1731,Himalaya Ride,15.02,15.13
1732,Roller Coaster,15.13,15.72
1733,Water Ride,15.72,16.38
1734,Superman Ride,16.38,16.72
1735,Crazy Dance,16.72,16.83
1736,Scooby Doo,16.83,17.5
1737,Flying Coaster,10.0,10.33
1738,Rapids Ride,10.33,10.45
1739,Spinning Coaster,10.47,10.72
1740,Giga Coaster,10.77,10.88
1741,Crazy Dance,10.88,11.0
1742,Roller Coaster,11.0,11.42
1743,Himalaya Ride,11.42,11.53
1744,Power Tower,11.53,12.03
1745,Top Spin,12.03,12.15
1746,Vertical Drop,12.15,12.27
1747,Water Ride,12.27,13.02
1748,Giga Coaster,13.02,13.13
1749,Roller Coaster,13.13,14.13
1750,Giga Coaster,14.13,14.25
1751,Oz Theatre,14.25,14.58
1752,Flying Coaster,13.0,13.75
1753,Flying Coaster,13.75,14.5
1754,Merry Go Round,14.53,15.2
1755,Giga Coaster,15.22,15.33
1756,Vertical Drop,15.33,15.45
1757,Top Spin,15.45,15.57
1758,Power Tower,15.57,15.82
1759,Himalaya Ride,15.82,15.93
1760,Roller Coaster,15.93,16.77
1761,Oz Theatre,12.0,12.33
1762,Bungee Jump,12.33,12.83
1763,Kiddie Coaster,12.87,13.03
1764,Giga Coaster,13.05,13.17
1765,Monorail,13.17,14.92
1766,Giga Coaster,14.92,15.03
1767,Vertical Drop,15.03,15.15
1768,Top Spin,15.15,15.27
1769,Power Tower,15.27,15.6
1770,Himalaya Ride,15.6,15.72
1771,Roller Coaster,15.72,16.55
1772,Bumper Cars,10.0,10.17
1773,Circus Train,10.17,10.33
1774,Flying Coaster,10.35,10.68
1775,Giga Coaster,10.7,10.82
1776,Crazy Dance,10.82,10.93
1777,Roller Coaster,10.93,11.35
1778,Himalaya Ride,11.35,11.47
1779,Power Tower,11.47,11.97
1780,Top Spin,11.97,12.08
1781,Vertical Drop,12.08,12.2
1782,Water Ride,12.2,12.95
1783,Giga Coaster,12.95,13.07
1784,Roller Coaster,13.07,14.07
1785,Giga Coaster,14.07,14.18
1786,Oz Theatre,14.18,14.52
1787,Merry Go Round,11.0,11.17
1788,Spinning Coaster,11.17,11.67
1789,Superman Ride,11.72,12.05
1790,Giga Coaster,12.1,12.22
1791,Spiral Slide,12.22,13.8
1792,Oz Theatre,13.8,14.13
1793,Giga Coaster,14.13,14.25
1794,Roller Coaster,14.25,15.08
1795,Monorail,15.08,16.58
1796,Giga Coaster,16.58,16.7
1797,Vertical Drop,16.7,16.82
1798,Top Spin,16.82,16.93
1799,Power Tower,16.93,17.18
1800,Himalaya Ride,17.18,17.3
1801,Roller Coaster,17.3,17.42
1802,Crazy Dance,17.42,17.53
1803,Flying Coaster,13.0,13.75
1804,Bungee Jump,13.75,14.5
1805,Flying Coaster,14.55,15.22
1806,Giga Coaster,15.25,15.37
1807,Vertical Drop,15.37,15.48
1808,Top Spin,15.48,15.6
1809,Power Tower,15.6,15.85
1810,Himalaya Ride,15.85,15.97
1811,Roller Coaster,15.97,16.8
1812,Dizzy Dropper,10.0,10.17
1813,Superman Ride,10.17,10.28
1814,Circus Train,10.32,10.48
1815,Giga Coaster,10.5,10.62
1816,Crazy Dance,10.62,10.73
1817,Roller Coaster,10.73,11.15
1818,Himalaya Ride,11.15,11.27
1819,Power Tower,11.27,11.77
1820,Top Spin,11.77,11.88
1821,Vertical Drop,11.88,12.0
1822,Water Ride,12.0,12.75
1823,Giga Coaster,12.75,12.87
1824,Roller Coaster,12.87,14.03
1825,Giga Coaster,14.03,14.15
1826,Oz Theatre,14.15,14.48
1827,Spiral Slide,14.48,16.57
1828,Crazy Dance,16.57,16.68
1829,Oz Theatre,16.68,17.02
1830,Zipline,12.0,12.92
1831,Flying Coaster,12.92,13.67
1832,Spinning Coaster,13.72,14.3
1833,Giga Coaster,14.43,14.55
1834,Vertical Drop,14.55,14.67
1835,Top Spin,14.67,14.78
1836,Power Tower,14.78,15.12
1837,Himalaya Ride,15.12,15.23
1838,Roller Coaster,15.23,15.82
1839,Rapids Ride,11.0,11.17
1840,Merry Go Round,11.17,11.33
1841,Flying Coaster,11.35,11.6
1842,Giga Coaster,11.62,11.73
1843,Superman Ride,11.73,12.07
1844,Water Ride,12.07,12.82
1845,Crazy Dance,12.82,12.93
1846,Roller Coaster,12.93,14.1
1847,Himalaya Ride,14.1,14.22
1848,Power Tower,14.22,14.55
1849,Top Spin,14.55,14.67
1850,Top Spin,14.67,14.78
1851,Giga Coaster,14.78,14.9
1852,Monorail,14.9,16.4
1853,Roller Coaster,16.4,17.23
1854,Giga Coaster,17.23,17.35
1855,Oz Theatre,17.35,17.47
1856,Bumper Cars,12.0,12.33
1857,Merry Go Round,12.33,13.0
1858,Giant Wheel,13.07,14.15
1859,Giga Coaster,14.18,14.3
1860,Vertical Drop,14.3,14.42
1861,Top Spin,14.42,14.53
1862,Power Tower,14.53,14.87
1863,Himalaya Ride,14.87,14.98
1864,Roller Coaster,14.98,15.57
1865,Flying Coaster,13.0,13.75
1866,Bungee Jump,13.75,14.5
1867,Dizzy Dropper,14.52,14.93
1868,Giga Coaster,14.97,15.08
1869,Vertical Drop,15.08,15.2
1870,Top Spin,15.2,15.32
1871,Power Tower,15.32,15.65
1872,Himalaya Ride,15.65,15.77
1873,Roller Coaster,15.77,16.6
1874,Water Ride,16.6,17.27
1875,Superman Ride,17.27,17.6
1876,Crazy Dance,17.6,17.72
1877,Flying Coaster,11.0,11.25
1878,Circus Train,11.25,11.42
1879,Circus Train,11.43,11.6
1880,Giga Coaster,11.62,11.73
1881,Superman Ride,11.73,12.07
1882,Water Ride,12.07,12.82
1883,Crazy Dance,12.82,12.93
1884,Roller Coaster,12.93,14.1
1885,Himalaya Ride,14.1,14.22
1886,Power Tower,14.22,14.55
1887,Top Spin,14.55,14.67
1888,Top Spin,14.67,14.78
1889,Giga Coaster,14.78,14.9
1890,Flying Coaster,13.0,13.75
1891,Zipline,13.75,14.67
1892,Crazy Dance,14.7,14.82
1893,Giga Coaster,14.83,14.95
1894,Vertical Drop,14.95,15.07
1895,Top Spin,15.07,15.18
1896,Power Tower,15.18,15.52
1897,Himalaya Ride,15.52,15.63
1898,Roller Coaster,15.63,16.47
1899,Giant Wheel,13.0,14.08
1900,Flying Coaster,14.08,14.83
1901,Flying Coaster,14.88,15.55
1902,Giga Coaster,15.57,15.68
1903,Vertical Drop,15.68,15.8
1904,Top Spin,15.8,15.92
1905,Power Tower,15.92,16.17
1906,Himalaya Ride,16.17,16.28
1907,Roller Coaster,16.28,17.12
1908,Water Ride,17.12,17.53
1909,Superman Ride,17.53,17.87
1910,Dizzy Dropper,10.0,10.17
1911,Swing Ride,10.17,10.83
1912,Flying Coaster,10.88,11.13
1913,Giga Coaster,11.15,11.27
1914,Superman Ride,11.27,11.6
1915,Water Ride,11.6,12.35
1916,Crazy Dance,12.35,12.47
1917,Roller Coaster,12.47,13.13
1918,Himalaya Ride,13.13,13.25
1919,Power Tower,13.25,13.75
1920,Top Spin,13.75,13.87
1921,Circus Train,13.0,13.25
1922,Go-Karts,13.25,14.17
1923,Giant Wheel,14.2,15.28
1924,Giga Coaster,15.32,15.43
1925,Vertical Drop,15.43,15.55
1926,Top Spin,15.55,15.67
1927,Power Tower,15.67,15.92
1928,Himalaya Ride,15.92,16.03
1929,Roller Coaster,16.03,16.87
1930,Water Ride,16.87,17.53
1931,Superman Ride,17.53,17.87
1932,Rapids Ride,10.0,10.12
1933,Flying Coaster,10.12,10.45
1934,Flying Coaster,10.47,10.8
1935,Giga Coaster,10.83,10.95
1936,Crazy Dance,10.95,11.07
1937,Roller Coaster,11.07,11.48
1938,Himalaya Ride,11.48,11.6
1939,Power Tower,11.6,12.1
1940,Top Spin,12.1,12.22
1941,Vertical Drop,12.22,12.33
1942,Water Ride,12.33,13.08
1943,Giga Coaster,13.08,13.2
1944,Roller Coaster,13.2,14.2
1945,Giga Coaster,14.2,14.32
1946,Oz Theatre,14.32,14.65
1947,Spiral Slide,14.65,16.73
1948,Crazy Dance,16.73,16.85
1949,Circus Train,14.0,14.25
1950,Kiddie Coaster,14.25,14.58
1951,Merry Go Round,14.6,15.27
1952,Giga Coaster,15.3,15.42
1953,Vertical Drop,15.42,15.53
1954,Top Spin,15.53,15.65
1955,Power Tower,15.65,15.9
1956,Himalaya Ride,15.9,16.02
1957,Roller Coaster,16.02,16.85
1958,Water Ride,16.85,17.52
1959,Superman Ride,17.52,17.85
1960,Crazy Dance,11.0,11.12
1961,Oz Theatre,11.12,11.23
1962,Spinning Coaster,11.27,11.77
1963,Giga Coaster,11.78,11.9
1964,Superman Ride,11.9,12.23
1965,Water Ride,12.23,12.98
1966,Crazy Dance,12.98,13.1
1967,Roller Coaster,13.1,14.1
1968,Himalaya Ride,14.1,14.22
1969,Power Tower,14.22,14.55
1970,Top Spin,14.55,14.67
1971,Top Spin,14.67,14.78
1972,Giga Coaster,14.78,14.9
1973,Flying Coaster,12.0,12.67
1974,Flying Coaster,12.67,13.42
1975,Himalaya Ride,13.45,13.57
1976,Giga Coaster,13.58,13.7
1977,Monorail,13.7,15.45
1978,Giga Coaster,15.45,15.57
1979,Vertical Drop,15.57,15.68
1980,Top Spin,15.68,15.8
1981,Power Tower,15.8,16.05
1982,Himalaya Ride,16.05,16.17
1983,Roller Coaster,16.17,17.0
1984,Water Ride,17.0,17.42
1985,Superman Ride,17.42,17.75
1986,Crazy Dance,17.75,17.87
1987,Flying Coaster,10.0,10.33
1988,Giga Coaster,10.33,10.45
1989,Flying Coaster,10.48,10.82
1990,Giga Coaster,10.83,10.95
1991,Crazy Dance,10.95,11.07
1992,Roller Coaster,11.07,11.48
1993,Himalaya Ride,11.48,11.6
1994,Power Tower,11.6,12.1
1995,Top Spin,12.1,12.22
1996,Vertical Drop,12.22,12.33
1997,Water Ride,12.33,13.08
1998,Giga Coaster,13.08,13.2
1999,Roller Coaster,13.2,14.2
2000,Giga Coaster,14.2,14.32
2001,Oz Theatre,14.32,14.65
2002,Giant Wheel,14.0,15.08
2003,Merry Go Round,15.08,15.75
2004,Flying Coaster,15.78,16.37
2005,Giga Coaster,16.38,16.5
2006,Top Spin,16.5,16.62
2007,Power Tower,16.62,16.87
2008,Roller Coaster,16.87,16.98
2009,Water Ride,16.98,17.65
2010,Oz Theatre,11.0,11.12
2011,Flying Coaster,11.12,11.37
2012,Merry Go Round,11.4,11.57
2013,Giga Coaster,11.58,11.7
2014,Superman Ride,11.7,12.03
2015,Water Ride,12.03,12.78
2016,Crazy Dance,12.78,12.9
2017,Roller Coaster,12.9,14.07
2018,Himalaya Ride,14.07,14.18
2019,Power Tower,14.18,14.52
2020,Top Spin,14.52,14.63
2021,Top Spin,14.63,14.75
2022,Giga Coaster,14.75,14.87
2023,Superman Ride,12.0,12.33
2024,Spinning Coaster,12.33,13.0
2025,Inverted Coaster,13.03,13.62
2026,Giga Coaster,13.65,13.77
2027,Monorail,13.77,15.52
2028,Giga Coaster,15.52,15.63
2029,Vertical Drop,15.63,15.75
2030,Top Spin,15.75,15.87
2031,Power Tower,15.87,16.12
2032,Himalaya Ride,16.12,16.23
2033,Flying Coaster,11.0,11.25
2034,Crazy Dance,11.25,11.37
2035,Giant Wheel,11.38,12.38
2036,Giga Coaster,12.43,12.55
2037,Spiral Slide,12.55,14.13
2038,Oz Theatre,14.13,14.47
2039,Giga Coaster,14.47,14.58
2040,Roller Coaster,14.58,15.17
2041,Monorail,15.17,16.67
2042,Giga Coaster,16.67,16.78
2043,Vertical Drop,16.78,16.9
2044,Top Spin,16.9,17.02
2045,Power Tower,17.02,17.27
2046,Himalaya Ride,17.27,17.38
2047,Roller Coaster,17.38,17.5
2048,Crazy Dance,17.5,17.62
2049,Drop Tower,10.0,10.33
2050,Swing Ride,10.33,11.0
2051,Flying Coaster,11.03,11.28
2052,Giga Coaster,11.32,11.43
2053,Superman Ride,11.43,11.77
2054,Water Ride,11.77,12.52
2055,Crazy Dance,12.52,12.63
2056,Roller Coaster,12.63,13.8
2057,Himalaya Ride,13.8,13.92
2058,Power Tower,13.92,14.25
2059,Top Spin,14.25,14.37
2060,Top Spin,14.37,14.48
2061,Giga Coaster,14.48,14.6
2062,Monorail,14.6,16.1
2063,Roller Coaster,16.1,16.93
2064,Go-Karts,10.0,10.17
2065,Merry Go Round,10.17,10.28
2066,Flying Coaster,10.3,10.63
2067,Giga Coaster,10.67,10.78
2068,Crazy Dance,10.78,10.9
2069,Roller Coaster,10.9,11.32
2070,Himalaya Ride,11.32,11.43
2071,Power Tower,11.43,11.93
2072,Top Spin,11.93,12.05
2073,Vertical Drop,12.05,12.17
2074,Water Ride,12.17,12.92
2075,Giga Coaster,12.92,13.03
2076,Roller Coaster,13.03,14.03
2077,Giga Coaster,14.03,14.15
2078,Oz Theatre,14.15,14.48
2079,Spiral Slide,14.48,16.57
2080,Crazy Dance,16.57,16.68
2081,Oz Theatre,16.68,17.02
2082,Free Fall,13.0,14.25
2083,Bungee Jump,14.25,15.0
2084,Flying Coaster,15.03,15.7
2085,Giga Coaster,15.75,15.87
2086,Vertical Drop,15.87,15.98
2087,Top Spin,15.98,16.1
2088,Power Tower,16.1,16.35
2089,Himalaya Ride,16.35,16.47
2090,Roller Coaster,16.47,17.3
2091,Water Ride,17.3,17.72
2092,Flying Coaster,11.0,11.25
2093,Kiddie Coaster,11.25,11.42
2094,Spinning Coaster,11.43,11.93
2095,Giga Coaster,11.98,12.1
2096,Superman Ride,12.1,12.43
2097,Water Ride,12.43,13.18
2098,Crazy Dance,13.18,13.3
2099,Roller Coaster,13.3,14.3
2100,Himalaya Ride,14.3,14.42
2101,Power Tower,14.42,14.75
2102,Top Spin,14.75,14.87
2103,Go-Karts,13.0,13.92
2104,Himalaya Ride,13.92,14.03
2105,Giant Wheel,14.07,15.15
2106,Giga Coaster,15.17,15.28
2107,Vertical Drop,15.28,15.4
2108,Top Spin,15.4,15.52
2109,Power Tower,15.52,15.77
2110,Himalaya Ride,15.77,15.88
2111,Roller Coaster,15.88,16.72
2112,Haunted House,11.0,11.5
2113,Giant Wheel,11.5,12.5
2114,Bumper Cars,12.55,12.88
2115,Giga Coaster,12.93,13.05
2116,Spiral Slide,13.05,14.63
2117,Oz Theatre,14.63,14.97
2118,Giga Coaster,14.97,15.08
2119,Roller Coaster,15.08,15.67
2120,Flying Coaster,14.0,14.75
2121,Swing Ride,14.75,15.67
2122,Free Fall,15.68,16.77
2123,Giga Coaster,16.8,16.92
2124,Top Spin,16.92,17.03
2125,Power Tower,17.03,17.28
2126,Roller Coaster,17.28,17.4
2127,Water Ride,17.4,17.82
2128,Spinning Coaster,12.0,12.67
2129,Go-Karts,12.67,13.58
2130,Spinning Coaster,13.62,14.2
2131,Giga Coaster,14.22,14.33
2132,Vertical Drop,14.33,14.45
2133,Top Spin,14.45,14.57
2134,Power Tower,14.57,14.9
2135,Himalaya Ride,14.9,15.02
2136,Roller Coaster,15.02,15.6
2137,Water Ride,15.6,16.27
2138,Superman Ride,16.27,16.6
2139,Crazy Dance,16.6,16.72
2140,Scooby Doo,16.72,17.38
2141,Crazy Bus,17.38,17.72
2142,Himalaya Ride,17.72,17.83
2143,Tilt-A-Whirl,17.83,17.95
2144,Drop Tower,13.0,13.83
2145,Giant Wheel,13.83,14.92
2146,Drop Tower,14.93,15.77
2147,Giga Coaster,15.78,15.9
2148,Vertical Drop,15.9,16.02
2149,Top Spin,16.02,16.13
2150,Power Tower,16.13,16.38
2151,Himalaya Ride,16.38,16.5
2152,Kiddie Coaster,11.0,11.17
2153,Merry Go Round,11.17,11.33
2154,Giant Wheel,11.37,12.37
2155,Giga Coaster,12.42,12.53
2156,Spiral Slide,12.53,14.12
2157,Oz Theatre,14.12,14.45
2158,Giga Coaster,14.45,14.57
2159,Flying Coaster,11.0,11.25
2160,Haunted House,11.25,11.75
2161,Zipline,11.78,12.7
2162,Giga Coaster,12.75,12.87
2163,Spiral Slide,12.87,14.45
2164,Oz Theatre,14.45,14.78
2165,Giga Coaster,14.78,14.9
2166,Roller Coaster,14.9,15.48
2167,Monorail,15.48,16.98
2168,Giga Coaster,16.98,17.1
2169,Vertical Drop,17.1,17.22
2170,Top Spin,17.22,17.33
2171,Power Tower,17.33,17.58
2172,Himalaya Ride,17.58,17.7
2173,Roller Coaster,17.7,17.82
2174,Crazy Dance,17.82,17.93
2175,Flying Coaster,12.0,12.67
2176,Merry Go Round,12.67,13.58
2177,Inverted Coaster,13.63,14.05
2178,Giga Coaster,14.08,14.2
2179,Vertical Drop,14.2,14.32
2180,Top Spin,14.32,14.43
2181,Power Tower,14.43,14.77
2182,Himalaya Ride,14.77,14.88
2183,Roller Coaster,14.88,15.47
2184,Zipline,14.0,14.92
2185,Spinning Coaster,14.92,15.58
2186,Flying Coaster,15.63,16.22
2187,Giga Coaster,16.35,16.47
2188,Top Spin,16.47,16.58
2189,Power Tower,16.58,16.83
2190,Roller Coaster,16.83,16.95
2191,Water Ride,16.95,17.62
2192,Superman Ride,17.62,17.95
2193,Flying Coaster,11.0,11.25
2194,Himalaya Ride,11.25,11.37
2195,Bungee Jump,11.38,11.88
2196,Giga Coaster,11.9,12.02
2197,Superman Ride,12.02,12.35
2198,Water Ride,12.35,13.1
2199,Crazy Dance,13.1,13.22
2200,Roller Coaster,13.22,14.22
2201,Himalaya Ride,14.22,14.33
2202,Power Tower,14.33,14.67
2203,Top Spin,14.67,14.78
2204,Top Spin,14.78,14.9
2205,Merry Go Round,12.0,12.67
2206,Merry Go Round,12.67,13.58
2207,Spinning Coaster,13.6,14.18
2208,Giga Coaster,14.2,14.32
2209,Vertical Drop,14.32,14.43
2210,Top Spin,14.43,14.55
2211,Power Tower,14.55,14.88
2212,Himalaya Ride,14.88,15.0
2213,Roller Coaster,15.0,15.58
2214,Water Ride,15.58,16.25
2215,Superman Ride,16.25,16.58
2216,Crazy Dance,16.58,16.7
2217,Flying Coaster,11.0,11.25
2218,Flying Coaster,11.25,11.5
2219,Zipline,11.53,12.45
2220,Giga Coaster,12.5,12.62
2221,Spiral Slide,12.62,14.2
2222,Oz Theatre,14.2,14.53
2223,Giga Coaster,14.53,14.65
2224,Flying Coaster,11.0,11.25
2225,Merry Go Round,11.25,11.42
2226,Go-Karts,11.45,12.37
2227,Giga Coaster,12.38,12.5
2228,Spiral Slide,12.5,14.08
2229,Oz Theatre,14.08,14.42
2230,Giga Coaster,14.42,14.53
2231,Merry Go Round,14.0,14.75
2232,Flying Coaster,14.75,15.42
2233,Bumper Cars,15.45,15.78
2234,Giga Coaster,15.82,15.93
2235,Vertical Drop,15.93,16.05
2236,Top Spin,16.05,16.17
2237,Power Tower,16.17,16.42
2238,Himalaya Ride,16.42,16.53
2239,Roller Coaster,16.53,16.65
2240,Water Ride,16.65,17.32
2241,Superman Ride,17.32,17.65
2242,Crazy Dance,17.65,17.77
2243,Flying Coaster,13.0,13.75
2244,Bumper Cars,13.75,14.17
2245,Inverted Coaster,14.22,14.63
2246,Giga Coaster,14.67,14.78
2247,Vertical Drop,14.78,14.9
2248,Top Spin,14.9,15.02
2249,Power Tower,15.02,15.35
2250,Himalaya Ride,15.35,15.47
2251,Roller Coaster,15.47,16.05
2252,Water Ride,16.05,16.72
2253,Superman Ride,16.72,17.05
2254,Crazy Dance,17.05,17.17
2255,Scooby Doo,17.17,17.67
2256,Go-Karts,14.0,14.92
2257,Swing Ride,14.92,15.83
2258,Flying Coaster,15.87,16.45
2259,Giga Coaster,16.5,16.62
2260,Top Spin,16.62,16.73
2261,Power Tower,16.73,16.98
2262,Roller Coaster,16.98,17.1
2263,Water Ride,17.1,17.52
2264,Superman Ride,17.52,17.85
2265,Crazy Dance,17.85,17.97
2266,Flying Coaster,11.0,11.25
2267,Merry Go Round,11.25,11.42
2268,Merry Go Round,11.45,11.62
2269,Giga Coaster,11.63,11.75
2270,Superman Ride,11.75,12.08
2271,Water Ride,12.08,12.83
2272,Crazy Dance,12.83,12.95
2273,Roller Coaster,12.95,14.12
2274,Himalaya Ride,14.12,14.23
2275,Power Tower,14.23,14.57
2276,Top Spin,14.57,14.68
2277,Top Spin,14.68,14.8
2278,Giga Coaster,14.8,14.92
2279,Monorail,14.92,16.42
2280,Water Ride,13.0,13.75
2281,Merry Go Round,13.75,14.5
2282,Himalaya Ride,14.53,14.65
2283,Giga Coaster,14.67,14.78
2284,Vertical Drop,14.78,14.9
2285,Top Spin,14.9,15.02
2286,Power Tower,15.02,15.35
2287,Himalaya Ride,15.35,15.47
2288,Roller Coaster,15.47,16.05
2289,Water Ride,16.05,16.72
2290,Merry Go Round,12.0,12.67
2291,Free Fall,12.67,13.58
2292,Spinning Coaster,13.63,14.22
2293,Giga Coaster,14.27,14.38
2294,Vertical Drop,14.38,14.5
2295,Top Spin,14.5,14.62
2296,Power Tower,14.62,14.95
2297,Himalaya Ride,14.95,15.07
2298,Roller Coaster,15.07,15.65
2299,Water Ride,15.65,16.32
2300,Superman Ride,16.32,16.65
2301,Crazy Dance,16.65,16.77
2302,Merry Go Round,11.0,11.17
2303,Spinning Coaster,11.17,11.67
2304,Circus Train,11.68,11.93
2305,Giga Coaster,11.97,12.08
2306,Superman Ride,12.08,12.42
2307,Water Ride,12.42,13.17
2308,Crazy Dance,13.17,13.28
2309,Roller Coaster,13.28,14.28
2310,Himalaya Ride,14.28,14.4
2311,Power Tower,14.4,14.73
2312,Top Spin,14.73,14.85
2313,Top Spin,14.85,14.97
2314,Giga Coaster,14.97,15.08
2315,Flying Coaster,11.0,11.25
2316,Flying Coaster,11.25,11.5
2317,Go-Karts,11.55,12.38
2318,Giga Coaster,12.42,12.53
2319,Spiral Slide,12.53,14.12
2320,Oz Theatre,14.12,14.45
2321,Giga Coaster,14.45,14.57
2322,Roller Coaster,14.57,15.15
2323,Monorail,15.15,16.65
2324,Giga Coaster,16.65,16.77
2325,Vertical Drop,16.77,16.88
2326,Top Spin,16.88,17.0
2327,Power Tower,17.0,17.25
2328,Himalaya Ride,17.25,17.37
2329,Roller Coaster,17.37,17.48
2330,Crazy Dance,17.48,17.6
2331,Flying Coaster,11.0,11.25
2332,Spinning Coaster,11.25,11.75
2333,Giant Wheel,11.88,12.88
2334,Giga Coaster,12.92,13.03
2335,Spiral Slide,13.03,14.62
2336,Oz Theatre,14.62,14.95
2337,Giga Coaster,14.95,15.07
2338,Roller Coaster,15.07,15.65
2339,Monorail,15.65,17.15
2340,Giga Coaster,17.15,17.27
2341,Vertical Drop,17.27,17.38
2342,Top Spin,17.38,17.5
2343,Power Tower,17.5,17.75
2344,Himalaya Ride,17.75,17.87
2345,Flying Coaster,10.0,10.33
2346,Kiddie Coaster,10.33,10.45
2347,Bungee Jump,10.48,10.73
2348,Giga Coaster,10.77,10.88
2349,Crazy Dance,10.88,11.0
2350,Roller Coaster,11.0,11.42
2351,Himalaya Ride,11.42,11.53
2352,Power Tower,11.53,12.03
2353,Top Spin,12.03,12.15
2354,Vertical Drop,12.15,12.27
2355,Water Ride,12.27,13.02
2356,Giga Coaster,13.02,13.13
2357,Roller Coaster,13.13,14.13
2358,Giga Coaster,14.13,14.25
2359,Oz Theatre,14.25,14.58
2360,Spiral Slide,14.58,16.67
2361,Crazy Dance,16.67,16.78
2362,Oz Theatre,16.78,17.12
